波长(nm),相对强度
-239.165597,212.0
-238.862768,260.0
-238.55993899999999,286.0
-238.25710999999998,319.0
-237.95428099999998,286.0
-237.65145199999998,323.0
-237.348623,305.0
-237.045794,292.0
-236.742965,233.0
-236.440136,257.0
-236.137307,270.0
-235.834478,256.0
-235.531649,217.0
-235.22881999999998,237.0
-234.92599099999998,273.0
-234.62316199999998,256.0
-234.320333,245.0
-234.017504,208.0
-233.714675,202.0
-233.411846,194.0
-233.109017,275.0
-232.806188,310.0
-232.503359,286.0
-232.20053,333.0
-231.89770099999998,343.0
-231.59487199999998,252.0
-231.29204299999998,217.0
-230.989214,221.0
-230.686385,309.0
-230.383556,288.0
-230.080727,320.0
-229.777898,302.0
-229.475069,270.0
-229.17224,256.0
-228.86941099999999,322.0
-228.56658199999998,286.0
-228.26375299999998,269.0
-227.96092399999998,322.0
-227.658095,272.0
-227.355266,267.0
-227.052437,308.0
-226.749608,283.0
-226.446779,327.0
-226.14395,317.0
-225.841121,315.0
-225.53829199999998,248.0
-225.23546299999998,229.0
-224.93263399999998,244.0
-224.62980499999998,258.0
-224.326976,312.0
-224.024147,259.0
-223.721318,227.0
-223.418489,288.0
-223.11566,237.0
-222.812831,218.0
-222.510002,191.0
-222.20717299999998,279.0
-221.90434399999998,359.0
-221.601515,303.0
-221.29868599999998,325.0
-220.995857,274.0
-220.693028,291.0
-220.390199,259.0
-220.08737,313.0
-219.784541,345.0
-219.481712,242.0
-219.17888299999998,208.0
-218.87605399999998,205.0
-218.57322499999998,228.0
-218.270396,282.0
-217.96756699999997,227.0
-217.664738,208.0
-217.361909,198.0
-217.05908,218.0
-216.756251,171.0
-216.453422,293.0
-216.150593,277.0
-215.84776399999998,276.0
-215.54493499999998,281.0
-215.24210599999998,261.0
-214.939277,289.0
-214.636448,291.0
-214.333619,292.0
-214.03079,291.0
-213.727961,294.0
-213.425132,346.0
-213.122303,321.0
-212.81947399999999,337.0
-212.51664499999998,335.0
-212.21381599999998,339.0
-211.91098699999998,362.0
-211.608158,283.0
-211.305329,295.0
-211.0025,339.0
-210.699671,280.0
-210.396842,344.0
-210.094013,278.0
-209.791184,353.0
-209.48835499999998,286.0
-209.18552599999998,337.0
-208.88269699999998,344.0
-208.57986799999998,286.0
-208.277039,284.0
-207.97421,297.0
-207.671381,301.0
-207.368552,271.0
-207.065723,316.0
-206.762894,309.0
-206.460065,310.0
-206.15723599999998,293.0
-205.85440699999998,367.0
-205.551578,316.0
-205.24874899999998,357.0
-204.94592,391.0
-204.643091,312.0
-204.340262,316.0
-204.037433,344.0
-203.734604,359.0
-203.431775,291.0
-203.12894599999998,268.0
-202.82611699999998,292.0
-202.52328799999998,285.0
-202.220459,348.0
-201.91762999999997,376.0
-201.614801,280.0
-201.311972,255.0
-201.009143,316.0
-200.706314,273.0
-200.403485,307.0
-200.100656,308.0
-199.79782699999998,264.0
-199.49499799999998,357.0
-199.19216899999998,315.0
-198.88934,367.0
-198.58651099999997,366.0
-198.283682,381.0
-197.980853,335.0
-197.678024,327.0
-197.375195,336.0
-197.072366,374.0
-196.76953699999999,381.0
-196.46670799999998,413.0
-196.16387899999998,333.0
-195.86104999999998,385.0
-195.558221,354.0
-195.25539199999997,380.0
-194.952563,316.0
-194.649734,332.0
-194.346905,380.0
-194.044076,324.0
-193.741247,374.0
-193.43841799999998,379.0
-193.13558899999998,348.0
-192.83275999999998,394.0
-192.52993099999998,319.0
-192.227102,326.0
-191.92427299999997,385.0
-191.621444,381.0
-191.318615,402.0
-191.015786,340.0
-190.712957,402.0
-190.410128,443.0
-190.10729899999998,365.0
-189.80446999999998,321.0
-189.501641,385.0
-189.19881199999998,345.0
-188.895983,348.0
-188.593154,388.0
-188.290325,356.0
-187.987496,358.0
-187.684667,411.0
-187.381838,416.0
-187.07900899999999,323.0
-186.77617999999998,331.0
-186.47335099999998,403.0
-186.170522,339.0
-185.86769299999997,350.0
-185.564864,298.0
-185.262035,394.0
-184.959206,418.0
-184.656377,403.0
-184.353548,423.0
-184.050719,424.0
-183.74788999999998,412.0
-183.44506099999998,423.0
-183.14223199999998,396.0
-182.839403,402.0
-182.53657399999997,375.0
-182.233745,419.0
-181.930916,382.0
-181.628087,406.0
-181.325258,346.0
-181.022429,420.0
-180.71959999999999,482.0
-180.41677099999998,435.0
-180.11394199999998,380.0
-179.81111299999998,358.0
-179.508284,407.0
-179.20545499999997,412.0
-178.902626,434.0
-178.599797,403.0
-178.296968,440.0
-177.994139,443.0
-177.69131,411.0
-177.38848099999998,426.0
-177.08565199999998,381.0
-176.78282299999998,470.0
-176.47999399999998,448.0
-176.177165,415.0
-175.87433599999997,461.0
-175.571507,398.0
-175.268678,406.0
-174.965849,415.0
-174.66302,378.0
-174.360191,456.0
-174.05736199999998,434.0
-173.75453299999998,435.0
-173.451704,487.0
-173.14887499999998,490.0
-172.846046,522.0
-172.54321699999997,451.0
-172.240388,526.0
-171.937559,516.0
-171.63473,532.0
-171.331901,548.0
-171.02907199999999,485.0
-170.72624299999998,500.0
-170.42341399999998,448.0
-170.120585,423.0
-169.81775599999997,384.0
-169.514927,404.0
-169.21209799999997,413.0
-168.909269,442.0
-168.60644,486.0
-168.303611,502.0
-168.000782,490.0
-167.69795299999998,564.0
-167.39512399999998,549.0
-167.09229499999998,572.0
-166.789466,514.0
-166.48663699999997,541.0
-166.183808,485.0
-165.88097899999997,460.0
-165.57815,501.0
-165.275321,480.0
-164.972492,541.0
-164.66966299999999,502.0
-164.36683399999998,588.0
-164.06400499999998,533.0
-163.76117599999998,580.0
-163.458347,545.0
-163.15551799999997,573.0
-162.852689,552.0
-162.54985999999997,553.0
-162.247031,499.0
-161.944202,596.0
-161.641373,553.0
-161.33854399999998,627.0
-161.03571499999998,639.0
-160.732886,686.0
-160.43005699999998,692.0
-160.127228,646.0
-159.82439899999997,643.0
-159.52157,608.0
-159.218741,648.0
-158.915912,654.0
-158.613083,623.0
-158.310254,679.0
-158.00742499999998,683.0
-157.70459599999998,601.0
-157.401767,610.0
-157.09893799999998,593.0
-156.796109,682.0
-156.49327999999997,663.0
-156.190451,681.0
-155.887622,698.0
-155.584793,670.0
-155.281964,661.0
-154.97913499999999,721.0
-154.67630599999998,684.0
-154.37347699999998,666.0
-154.070648,692.0
-153.76781899999997,752.0
-153.46499,736.0
-153.16216099999997,728.0
-152.859332,728.0
-152.556503,739.0
-152.253674,681.0
-151.950845,632.0
-151.64801599999998,638.0
-151.34518699999998,624.0
-151.04235799999998,690.0
-150.739529,772.0
-150.43669999999997,737.0
-150.133871,710.0
-149.83104199999997,717.0
-149.528213,724.0
-149.225384,761.0
-148.922555,775.0
-148.61972599999999,820.0
-148.31689699999998,731.0
-148.01406799999998,801.0
-147.71123899999998,758.0
-147.40841,826.0
-147.10558099999997,831.0
-146.802752,830.0
-146.49992299999997,775.0
-146.197094,849.0
-145.894265,846.0
-145.591436,809.0
-145.28860699999998,744.0
-144.98577799999998,764.0
-144.68294899999998,769.0
-144.38011999999998,825.0
-144.077291,742.0
-143.77446199999997,812.0
-143.471633,890.0
-143.16880399999997,901.0
-142.865975,892.0
-142.563146,921.0
-142.260317,898.0
-141.95748799999998,856.0
-141.65465899999998,821.0
-141.35183,891.0
-141.04900099999998,832.0
-140.746172,861.0
-140.44334299999997,812.0
-140.140514,895.0
-139.837685,909.0
-139.534856,938.0
-139.232027,881.0
-138.92919799999999,916.0
-138.62636899999998,864.0
-138.32353999999998,893.0
-138.020711,883.0
-137.71788199999997,950.0
-137.415053,880.0
-137.11222399999997,927.0
-136.809395,967.0
-136.506566,954.0
-136.203737,909.0
-135.900908,909.0
-135.59807899999998,987.0
-135.29524999999998,960.0
-134.99242099999998,989.0
-134.689592,1003.0
-134.38676299999997,945.0
-134.083934,949.0
-133.78110499999997,911.0
-133.478276,949.0
-133.175447,938.0
-132.872618,946.0
-132.569789,1033.0
-132.26695999999998,1060.0
-131.96413099999998,1067.0
-131.66130199999998,1054.0
-131.358473,999.0
-131.05564399999997,968.0
-130.752815,999.0
-130.44998599999997,986.0
-130.147157,994.0
-129.844328,1014.0
-129.541499,991.0
-129.23866999999998,1034.0
-128.93584099999998,1001.0
-128.63301199999998,1065.0
-128.33018299999998,994.0
-128.027354,990.0
-127.72452499999999,1048.0
-127.42169599999998,1059.0
-127.11886699999998,1039.0
-126.81603799999999,1095.0
-126.51320899999999,1080.0
-126.21037999999999,1035.0
-125.90755099999998,1071.0
-125.60472199999998,1083.0
-125.30189299999998,1105.0
-124.99906399999999,1149.0
-124.69623499999999,1161.0
-124.39340599999998,1111.0
-124.09057699999998,1064.0
-123.78774799999998,1065.0
-123.48491899999999,1126.0
-123.18208999999999,1148.0
-122.87926099999999,1093.0
-122.57643199999998,1160.0
-122.27360299999998,1172.0
-121.97077399999999,1174.0
-121.66794499999999,1166.0
-121.36511599999999,1129.0
-121.06228699999998,1134.0
-120.75945799999998,1155.0
-120.45662899999999,1235.0
-120.15379999999999,1196.0
-119.85097099999999,1144.0
-119.54814199999998,1182.0
-119.24531299999998,1216.0
-118.94248399999998,1124.0
-118.63965499999999,1195.0
-118.33682599999999,1170.0
-118.03399699999999,1188.0
-117.73116799999998,1226.0
-117.42833899999998,1217.0
-117.12550999999999,1259.0
-116.82268099999999,1226.0
-116.51985199999999,1187.0
-116.21702299999998,1268.0
-115.91419399999998,1221.0
-115.61136499999998,1252.0
-115.30853599999999,1224.0
-115.00570699999999,1232.0
-114.70287799999998,1185.0
-114.40004899999998,1213.0
-114.09721999999998,1179.0
-113.79439099999999,1297.0
-113.49156199999999,1283.0
-113.18873299999998,1348.0
-112.88590399999998,1315.0
-112.58307499999998,1288.0
-112.28024599999999,1297.0
-111.97741699999999,1276.0
-111.67458799999999,1295.0
-111.37175899999998,1263.0
-111.06893,1241.0
-110.76610099999999,1235.0
-110.46327199999999,1293.0
-110.16044299999999,1328.0
-109.85761399999998,1349.0
-109.55478499999998,1404.0
-109.25195599999998,1367.0
-108.94912699999998,1337.0
-108.64629799999997,1319.0
-108.34346899999997,1356.0
-108.04064,1378.0
-107.737811,1316.0
-107.43498199999999,1357.0
-107.13215299999999,1309.0
-106.82932399999999,1304.0
-106.52649499999998,1340.0
-106.22366599999998,1369.0
-105.92083699999998,1322.0
-105.61800799999997,1386.0
-105.31517899999997,1361.0
-105.01235,1328.0
-104.709521,1374.0
-104.40669199999999,1334.0
-104.10386299999999,1361.0
-103.80103399999999,1388.0
-103.49820499999998,1363.0
-103.19537599999998,1336.0
-102.89254699999998,1389.0
-102.58971799999998,1417.0
-102.28688899999997,1422.0
-101.98405999999997,1423.0
-101.681231,1445.0
-101.378402,1385.0
-101.07557299999999,1434.0
-100.77274399999999,1385.0
-100.46991499999999,1460.0
-100.16708599999998,1474.0
-99.86425699999998,1463.0
-99.56142799999998,1449.0
-99.25859899999998,1376.0
-98.95576999999997,1372.0
-98.652941,1438.0
-98.350112,1460.0
-98.047283,1414.0
-97.74445399999999,1385.0
-97.44162499999999,1408.0
-97.13879599999999,1439.0
-96.83596699999998,1439.0
-96.53313799999998,1466.0
-96.23030899999998,1413.0
-95.92747999999997,1373.0
-95.62465099999997,1355.0
-95.321822,1440.0
-95.018993,1393.0
-94.71616399999999,1407.0
-94.41333499999999,1426.0
-94.11050599999999,1490.0
-93.80767699999998,1472.0
-93.50484799999998,1493.0
-93.20201899999998,1497.0
-92.89918999999998,1450.0
-92.59636099999997,1436.0
-92.29353199999997,1497.0
-91.990703,1496.0
-91.687874,1528.0
-91.38504499999999,1447.0
-91.08221599999999,1482.0
-90.77938699999999,1493.0
-90.47655799999998,1491.0
-90.17372899999998,1508.0
-89.87089999999998,1480.0
-89.56807099999997,1550.0
-89.26524199999997,1563.0
-88.96241299999997,1531.0
-88.659584,1534.0
-88.35675499999999,1505.0
-88.05392599999999,1558.0
-87.75109699999999,1557.0
-87.44826799999998,1524.0
-87.14543899999998,1564.0
-86.84260999999998,1535.0
-86.53978099999998,1545.0
-86.23695199999997,1513.0
-85.93412299999997,1572.0
-85.631294,1493.0
-85.328465,1550.0
-85.02563599999999,1573.0
-84.72280699999999,1589.0
-84.41997799999999,1537.0
-84.11714899999998,1514.0
-83.81431999999998,1497.0
-83.51149099999998,1488.0
-83.20866199999998,1529.0
-82.90583299999997,1543.0
-82.60300399999997,1607.0
-82.300175,1626.0
-81.997346,1627.0
-81.69451699999999,1624.0
-81.39168799999999,1548.0
-81.08885899999999,1536.0
-80.78602999999998,1564.0
-80.48320099999998,1604.0
-80.18037199999998,1666.0
-79.87754299999997,1664.0
-79.57471399999997,1625.0
-79.271885,1596.0
-78.969056,1597.0
-78.66622699999999,1673.0
-78.36339799999999,1665.0
-78.06056899999999,1661.0
-77.75773999999998,1603.0
-77.45491099999998,1584.0
-77.15208199999998,1544.0
-76.84925299999998,1525.0
-76.54642399999997,1611.0
-76.24359499999997,1665.0
-75.940766,1680.0
-75.637937,1643.0
-75.33510799999999,1671.0
-75.03227899999999,1712.0
-74.72944999999999,1674.0
-74.42662099999998,1630.0
-74.12379199999998,1655.0
-73.82096299999998,1699.0
-73.51813399999998,1694.0
-73.21530499999997,1655.0
-72.91247599999997,1634.0
-72.609647,1611.0
-72.30681799999999,1653.0
-72.00398899999999,1696.0
-71.70115999999999,1714.0
-71.39833099999998,1664.0
-71.09550199999998,1715.0
-70.79267299999998,1717.0
-70.48984399999998,1685.0
-70.18701499999997,1730.0
-69.88418599999997,1675.0
-69.58135699999997,1739.0
-69.278528,1682.0
-68.97569899999999,1716.0
-68.67286999999999,1757.0
-68.37004099999999,1719.0
-68.06721199999998,1708.0
-67.76438299999998,1650.0
-67.46155399999998,1613.0
-67.15872499999998,1627.0
-66.85589599999997,1638.0
-66.55306699999997,1672.0
-66.250238,1734.0
-65.947409,1743.0
-65.64457999999999,1679.0
-65.34175099999999,1640.0
-65.03892199999999,1717.0
-64.73609299999998,1775.0
-64.43326399999998,1737.0
-64.13043499999998,1751.0
-63.827605999999975,1757.0
-63.52477699999997,1784.0
-63.22194799999997,1764.0
-62.919118999999995,1722.0
-62.61628999999999,1768.0
-62.31346099999999,1830.0
-62.01063199999999,1728.0
-61.707802999999984,1753.0
-61.40497399999998,1734.0
-61.10214499999998,1835.0
-60.799315999999976,1832.0
-60.49648699999997,1743.0
-60.19365799999997,1754.0
-59.890829,1813.0
-59.587999999999994,1796.0
-59.28517099999999,1766.0
-58.98234199999999,1789.0
-58.679512999999986,1816.0
-58.37668399999998,1774.0
-58.07385499999998,1857.0
-57.77102599999998,1817.0
-57.468196999999975,1824.0
-57.16536799999997,1756.0
-56.86253899999997,1743.0
-56.559709999999995,1824.0
-56.25688099999999,1805.0
-55.95405199999999,1807.0
-55.65122299999999,1814.0
-55.348393999999985,1799.0
-55.04556499999998,1752.0
-54.74273599999998,1819.0
-54.43990699999998,1893.0
-54.137077999999974,1823.0
-53.83424899999997,1795.0
-53.53141999999997,1838.0
-53.228590999999994,1855.0
-52.92576199999999,1805.0
-52.62293299999999,1875.0
-52.320103999999986,1853.0
-52.017274999999984,1838.0
-51.71444599999998,1890.0
-51.41161699999998,1844.0
-51.108787999999976,1839.0
-50.80595899999997,1917.0
-50.50312999999997,1842.0
-50.20030099999997,1853.0
-49.89747199999999,1889.0
-49.59464299999999,1826.0
-49.29181399999999,1899.0
-48.988984999999985,1939.0
-48.68615599999998,1921.0
-48.38332699999998,1842.0
-48.08049799999998,1896.0
-47.777668999999975,1821.0
-47.47483999999997,1874.0
-47.17201099999997,1897.0
-46.869181999999995,1893.0
-46.56635299999999,1979.0
-46.26352399999999,1917.0
-45.96069499999999,1834.0
-45.657865999999984,1907.0
-45.35503699999998,1941.0
-45.05220799999998,1895.0
-44.749378999999976,1919.0
-44.446549999999974,1922.0
-44.14372099999997,1938.0
-43.84089199999997,1950.0
-43.538062999999994,1905.0
-43.23523399999999,1939.0
-42.93240499999999,1937.0
-42.629575999999986,1844.0
-42.32674699999998,1868.0
-42.02391799999998,1867.0
-41.72108899999998,1834.0
-41.418259999999975,1932.0
-41.11543099999997,1928.0
-40.81260199999997,1902.0
-40.509772999999996,1919.0
-40.20694399999999,1885.0
-39.90411499999999,1907.0
-39.60128599999999,1884.0
-39.298456999999985,1956.0
-38.99562799999998,1937.0
-38.69279899999998,1940.0
-38.38996999999998,1955.0
-38.087140999999974,1961.0
-37.78431199999997,1927.0
-37.48148299999997,1888.0
-37.178653999999995,1939.0
-36.87582499999999,1922.0
-36.57299599999999,1907.0
-36.27016699999999,1973.0
-35.967337999999984,1890.0
-35.66450899999998,1912.0
-35.36167999999998,1992.0
-35.058850999999976,1999.0
-34.75602199999997,2014.0
-34.45319299999997,1933.0
-34.15036399999997,1991.0
-33.84753499999999,1970.0
-33.54470599999999,1966.0
-33.24187699999999,2006.0
-32.939047999999985,1963.0
-32.63621899999998,1966.0
-32.33338999999998,2013.0
-32.03056099999998,2063.0
-31.727731999999975,2039.0
-31.424902999999972,2056.0
-31.12207399999997,2029.0
-30.819244999999967,2006.0
-30.516415999999992,1981.0
-30.21358699999999,2078.0
-29.910757999999987,2073.0
-29.607928999999984,2038.0
-29.30509999999998,2023.0
-29.00227099999998,2096.0
-28.699441999999976,2049.0
-28.396612999999974,1979.0
-28.09378399999997,1958.0
-27.79095499999997,1980.0
-27.488125999999994,2022.0
-27.18529699999999,2026.0
-26.88246799999999,1991.0
-26.579638999999986,2033.0
-26.276809999999983,1985.0
-25.97398099999998,1930.0
-25.671151999999978,2019.0
-25.368322999999975,2036.0
-25.065493999999973,2110.0
-24.76266499999997,2070.0
-24.459835999999967,2030.0
-24.157006999999993,2069.0
-23.85417799999999,2097.0
-23.551348999999988,2093.0
-23.248519999999985,2140.0
-22.945690999999982,2159.0
-22.64286199999998,2134.0
-22.340032999999977,2132.0
-22.037203999999974,2056.0
-21.73437499999997,2003.0
-21.43154599999997,2029.0
-21.128716999999995,2091.0
-20.825887999999992,2062.0
-20.52305899999999,2047.0
-20.220229999999987,2088.0
-19.917400999999984,2043.0
-19.61457199999998,2046.0
-19.31174299999998,2015.0
-19.008913999999976,2082.0
-18.706084999999973,2149.0
-18.40325599999997,2095.0
-18.100426999999968,2119.0
-17.797597999999994,2084.0
-17.49476899999999,2049.0
-17.19193999999999,2076.0
-16.889110999999986,2089.0
-16.586281999999983,2022.0
-16.28345299999998,2090.0
-15.980623999999978,2041.0
-15.677794999999975,2029.0
-15.374965999999972,2108.0
-15.07213699999997,2056.0
-14.769307999999967,2053.0
-14.466478999999993,2037.0
-14.16364999999999,2033.0
-13.860820999999987,2089.0
-13.557991999999985,2142.0
-13.255162999999982,2140.0
-12.95233399999998,2080.0
-12.649504999999976,2039.0
-12.346675999999974,2110.0
-12.043846999999971,2103.0
-11.741017999999968,2158.0
-11.438188999999966,2117.0
-11.135359999999991,2153.0
-10.832530999999989,2152.0
-10.529701999999986,2140.0
-10.226872999999983,2142.0
-9.92404399999998,2124.0
-9.621214999999978,2099.0
-9.318385999999975,2134.0
-9.015556999999973,2135.0
-8.71272799999997,2144.0
-8.409898999999967,2147.0
-8.107069999999993,2225.0
-7.80424099999999,2241.0
-7.501411999999988,2260.0
-7.198582999999985,2192.0
-6.895753999999982,2219.0
-6.59292499999998,2159.0
-6.290095999999977,2160.0
-5.987266999999974,2104.0
-5.684437999999972,2175.0
-5.381608999999969,2182.0
-5.078779999999966,2156.0
-4.775950999999992,2192.0
-4.473121999999989,2176.0
-4.170292999999987,2234.0
-3.867463999999984,2256.0
-3.5646349999999813,2276.0
-3.2618059999999787,2326.0
-2.958976999999976,2263.0
-2.6561479999999733,2274.0
-2.3533189999999706,2217.0
-2.050489999999968,2232.0
-1.7476609999999937,2144.0
-1.444831999999991,2181.0
-1.1420029999999883,2208.0
-0.8391739999999857,2204.0
-0.536344999999983,2193.0
-0.2335159999999803,2168.0
0.06931300000002238,2244.0
0.37214200000002506,2278.0
0.6749710000000277,2281.0
0.9778000000000304,2262.0
1.280629000000033,2222.0
1.5834580000000074,2231.0
1.88628700000001,2205.0
2.1891160000000127,2199.0
2.4919450000000154,2214.0
2.794774000000018,2169.0
3.0976030000000208,2273.0
3.4004320000000234,2252.0
3.703261000000026,2234.0
4.006090000000029,2295.0
4.3089190000000315,2264.0
4.611748000000034,2267.0
4.914577000000008,2200.0
5.217406000000011,2264.0
5.520235000000014,2245.0
5.8230640000000164,2229.0
6.125893000000019,2301.0
6.428722000000022,2218.0
6.7315510000000245,2286.0
7.034380000000027,2345.0
7.33720900000003,2324.0
7.6400380000000325,2262.0
7.942867000000035,2287.0
8.24569600000001,2328.0
8.548525000000012,2336.0
8.851354000000015,2322.0
9.154183000000018,2292.0
9.45701200000002,2315.0
9.759841000000023,2277.0
10.062670000000026,2339.0
10.365499000000028,2292.0
10.668328000000031,2262.0
10.971157000000034,2332.0
11.273986000000008,2366.0
11.57681500000001,2304.0
11.879644000000013,2358.0
12.182473000000016,2322.0
12.485302000000019,2329.0
12.788131000000021,2312.0
13.090960000000024,2348.0
13.393789000000027,2311.0
13.69661800000003,2309.0
13.999447000000032,2310.0
14.302276000000035,2279.0
14.605105000000009,2257.0
14.907934000000012,2287.0
15.210763000000014,2305.0
15.513592000000017,2300.0
15.81642100000002,2275.0
16.119250000000022,2314.0
16.422079000000025,2350.0
16.724908000000028,2413.0
17.027737000000002,2444.0
17.330566000000033,2465.0
17.633395000000007,2464.0
17.93622400000004,2438.0
18.239053000000013,2421.0
18.541882000000044,2463.0
18.844711000000018,2467.0
19.14754000000005,2448.0
19.450369000000023,2455.0
19.753197999999998,2394.0
20.05602700000003,2357.0
20.358856000000003,2458.0
20.661685000000034,2479.0
20.96451400000001,2436.0
21.26734300000004,2418.0
21.570172000000014,2455.0
21.873001000000045,2430.0
22.17583000000002,2422.0
22.47865900000005,2415.0
22.781488000000024,2464.0
23.084317,2425.0
23.38714600000003,2490.0
23.689975000000004,2409.0
23.992804000000035,2480.0
24.29563300000001,2473.0
24.59846200000004,2486.0
24.901291000000015,2501.0
25.204120000000046,2553.0
25.50694900000002,2468.0
25.809777999999994,2403.0
26.112607000000025,2468.0
26.415436,2421.0
26.71826500000003,2451.0
27.021094000000005,2489.0
27.323923000000036,2519.0
27.62675200000001,2518.0
27.92958100000004,2469.0
28.232410000000016,2479.0
28.535239000000047,2551.0
28.83806800000002,2491.0
29.140896999999995,2542.0
29.443726000000026,2482.0
29.746555,2486.0
30.049384000000032,2538.0
30.352213000000006,2486.0
30.655042000000037,2442.0
30.95787100000001,2457.0
31.260700000000043,2559.0
31.563529000000017,2562.0
31.866358000000048,2526.0
32.16918700000002,2515.0
32.472015999999996,2561.0
32.77484500000003,2508.0
33.077674,2557.0
33.38050300000003,2592.0
33.68333200000001,2478.0
33.98616100000004,2504.0
34.28899000000001,2453.0
34.591819000000044,2484.0
34.89464800000002,2541.0
35.19747700000005,2559.0
35.50030600000002,2575.0
35.803135,2535.0
36.10596400000003,2483.0
36.408793,2470.0
36.711622000000034,2446.0
37.01445100000001,2504.0
37.31728000000004,2483.0
37.620109000000014,2536.0
37.922938000000045,2529.0
38.22576700000002,2514.0
38.52859600000005,2571.0
38.831425000000024,2520.0
39.134254,2625.0
39.43708300000003,2560.0
39.739912000000004,2566.0
40.042741000000035,2639.0
40.34557000000001,2634.0
40.64839900000004,2704.0
40.951228000000015,2629.0
41.254057000000046,2609.0
41.55688600000002,2698.0
41.859714999999994,2660.0
42.162544000000025,2636.0
42.465373,2593.0
42.76820200000003,2561.0
43.071031000000005,2583.0
43.373860000000036,2610.0
43.67668900000001,2492.0
43.97951800000004,2412.0
44.282347000000016,2472.0
44.58517600000005,2375.0
44.88800500000002,2399.0
45.190833999999995,2455.0
45.493663000000026,2431.0
45.796492,2404.0
46.09932100000003,2417.0
46.402150000000006,2538.0
46.70497900000004,2581.0
47.00780800000001,2617.0
47.31063700000004,2666.0
47.61346600000002,2673.0
47.91629500000005,2628.0
48.21912400000002,2739.0
48.521952999999996,2740.0
48.82478200000003,2692.0
49.127611,2663.0
49.43044000000003,2683.0
49.73326900000001,2700.0
50.03609800000004,2701.0
50.33892700000001,2759.0
50.64175600000004,2657.0
50.94458500000002,2665.0
51.24741400000005,2735.0
51.55024300000002,2772.0
51.853072,2746.0
52.15590100000003,2785.0
52.45873,2741.0
52.761559000000034,2729.0
53.06438800000001,2732.0
53.36721700000004,2765.0
53.67004600000001,2708.0
53.972875000000045,2694.0
54.27570400000002,2762.0
54.57853300000005,2737.0
54.881362000000024,2735.0
55.184191,2746.0
55.48702000000003,2785.0
55.789849000000004,2791.0
56.092678000000035,2738.0
56.39550700000001,2707.0
56.69833600000004,2754.0
57.001165000000015,2794.0
57.303994000000046,2864.0
57.60682300000002,2912.0
57.90965200000005,2919.0
58.212481000000025,2862.0
58.51531,2832.0
58.81813900000003,2750.0
59.120968000000005,2732.0
59.423797000000036,2782.0
59.72662600000001,2872.0
60.02945500000004,2821.0
60.332284000000016,2819.0
60.63511300000005,2791.0
60.93794200000002,2800.0
61.24077100000005,2787.0
61.543600000000026,2778.0
61.846429,2877.0
62.14925800000003,2814.0
62.452087000000006,2811.0
62.75491600000004,2877.0
63.05774500000001,2837.0
63.36057400000004,2856.0
63.66340300000002,2843.0
63.96623200000005,2866.0
64.26906100000002,2941.0
64.57189,2911.0
64.87471900000003,2947.0
65.177548,2900.0
65.48037700000003,2858.0
65.783206,2942.0
66.08603500000004,2977.0
66.38886400000001,2897.0
66.69169300000004,2881.0
66.99452200000002,2870.0
67.29735100000005,2888.0
67.60018000000002,2917.0
67.903009,2980.0
68.20583800000003,3053.0
68.508667,3071.0
68.81149600000003,3020.0
69.11432500000001,2990.0
69.41715400000004,2910.0
69.71998300000001,2926.0
70.02281200000004,2905.0
70.32564100000002,2902.0
70.62847000000005,2849.0
70.93129900000002,2911.0
71.234128,2916.0
71.53695700000003,2884.0
71.839786,2855.0
72.14261500000003,2936.0
72.44544400000001,2881.0
72.74827300000004,2865.0
73.05110200000001,2975.0
73.35393100000005,3005.0
73.65676000000002,3016.0
73.95958900000005,3048.0
74.26241800000003,2987.0
74.565247,2965.0
74.86807600000003,3008.0
75.170905,3054.0
75.47373400000004,3005.0
75.77656300000001,3050.0
76.07939200000004,3045.0
76.38222100000002,3058.0
76.68505000000005,3020.0
76.98787900000002,3020.0
77.29070800000005,3014.0
77.59353700000003,2954.0
77.896366,2985.0
78.19919500000003,3009.0
78.502024,3015.0
78.80485300000004,2999.0
79.10768200000001,3039.0
79.41051100000004,3142.0
79.71334000000002,3167.0
80.01616900000005,3146.0
80.31899800000002,3143.0
80.621827,3142.0
80.92465600000003,3186.0
81.227485,3198.0
81.53031400000003,3169.0
81.833143,3200.0
82.13597200000004,3227.0
82.43880100000001,3267.0
82.74163000000004,3309.0
83.04445900000002,3311.0
83.34728800000005,3270.0
83.65011700000002,3262.0
83.952946,3229.0
84.25577500000003,3212.0
84.558604,3259.0
84.86143300000003,3301.0
85.16426200000001,3254.0
85.46709100000004,3242.0
85.76992000000001,3207.0
86.07274900000004,3177.0
86.37557800000002,3156.0
86.67840700000005,3164.0
86.98123600000002,3220.0
87.284065,3225.0
87.58689400000003,3286.0
87.889723,3279.0
88.19255200000003,3284.0
88.49538100000001,3328.0
88.79821000000004,3325.0
89.10103900000001,3332.0
89.40386800000005,3374.0
89.70669700000002,3395.0
90.00952600000005,3406.0
90.31235500000003,3450.0
90.615184,3400.0
90.91801300000003,3314.0
91.220842,3280.0
91.52367100000004,3251.0
91.82650000000001,3309.0
92.12932900000004,3304.0
92.43215800000002,3315.0
92.73498700000005,3367.0
93.03781600000002,3390.0
93.34064500000005,3448.0
93.64347400000003,3401.0
93.946303,3425.0
94.24913200000003,3457.0
94.551961,3431.0
94.85479000000004,3477.0
95.15761900000001,3475.0
95.46044800000004,3505.0
95.76327700000002,3443.0
96.06610600000005,3456.0
96.36893500000002,3454.0
96.67176400000005,3490.0
96.97459300000003,3461.0
97.277422,3430.0
97.58025100000003,3547.0
97.88308,3502.0
98.18590900000004,3496.0
98.48873800000001,3495.0
98.79156700000004,3549.0
99.09439600000002,3540.0
99.39722500000005,3466.0
99.70005400000002,3478.0
100.00288300000005,3478.0
100.30571200000003,3474.0
100.608541,3542.0
100.91137000000003,3527.0
101.21419900000001,3544.0
101.51702800000004,3645.0
101.81985700000001,3588.0
102.12268600000004,3690.0
102.42551500000002,3588.0
102.72834400000005,3614.0
103.03117300000002,3588.0
103.334002,3589.0
103.63683100000003,3592.0
103.93966,3623.0
104.24248900000003,3596.0
104.54531800000001,3556.0
104.84814700000004,3576.0
105.15097600000001,3604.0
105.45380500000005,3637.0
105.75663400000002,3661.0
106.05946300000005,3657.0
106.36229200000002,3645.0
106.665121,3679.0
106.96795000000003,3667.0
107.270779,3684.0
107.57360800000004,3754.0
107.87643700000001,3718.0
108.17926600000004,3696.0
108.48209500000002,3688.0
108.78492400000005,3700.0
109.08775300000002,3685.0
109.39058200000005,3732.0
109.69341100000003,3746.0
109.99624,3664.0
110.29906900000003,3701.0
110.601898,3712.0
110.90472700000004,3716.0
111.20755600000001,3735.0
111.51038500000004,3777.0
111.81321400000002,3784.0
112.11604300000005,3826.0
112.41887200000002,3745.0
112.72170100000005,3790.0
113.02453000000003,3772.0
113.327359,3793.0
113.63018800000003,3819.0
113.933017,3779.0
114.23584600000004,3862.0
114.53867500000001,3945.0
114.84150400000004,3934.0
115.14433300000002,3932.0
115.44716200000005,3988.0
115.74999100000002,3943.0
116.05282000000005,3908.0
116.35564900000003,3845.0
116.658478,3923.0
116.96130700000003,3897.0
117.26413600000001,3882.0
117.56696500000004,3911.0
117.86979400000001,3865.0
118.17262300000004,3836.0
118.47545200000002,3876.0
118.77828100000005,3872.0
119.08111000000002,3907.0
119.383939,3965.0
119.68676800000003,3975.0
119.989597,3953.0
120.29242600000003,3955.0
120.59525500000001,3923.0
120.89808400000004,3988.0
121.20091300000001,4010.0
121.50374200000005,4030.0
121.80657100000002,3981.0
122.10940000000005,4050.0
122.41222900000002,4058.0
122.715058,3988.0
123.01788700000003,3982.0
123.320716,4010.0
123.62354500000004,4079.0
123.92637400000001,4073.0
124.22920300000004,4043.0
124.53203200000002,4037.0
124.83486100000005,4042.0
125.13769000000002,4118.0
125.44051900000005,4217.0
125.74334800000003,4158.0
126.046177,4131.0
126.34900600000003,4149.0
126.651835,4202.0
126.95466400000004,4162.0
127.25749300000001,4123.0
127.56032200000004,4146.0
127.86315100000002,4101.0
128.16598000000005,4132.0
128.46880900000002,4125.0
128.77163800000005,4132.0
129.07446700000003,4201.0
129.377296,4258.0
129.68012500000003,4201.0
129.982954,4181.0
130.28578300000004,4133.0
130.588612,4093.0
130.89144100000004,4173.0
131.19427000000002,4197.0
131.49709900000005,4278.0
131.79992800000002,4261.0
132.10275700000005,4335.0
132.40558600000003,4339.0
132.708415,4297.0
133.01124400000003,4359.0
133.314073,4289.0
133.61690200000004,4278.0
133.919731,4335.0
134.22256000000004,4332.0
134.52538900000002,4320.0
134.82821800000005,4412.0
135.13104700000002,4455.0
135.43387600000005,4474.0
135.73670500000003,4400.0
136.039534,4360.0
136.34236300000003,4333.0
136.645192,4430.0
136.94802100000004,4420.0
137.25085,4362.0
137.55367900000005,4375.0
137.85650800000002,4399.0
138.15933700000005,4372.0
138.46216600000002,4357.0
138.76499500000006,4442.0
139.06782400000003,4420.0
139.370653,4431.0
139.67348200000004,4479.0
139.976311,4459.0
140.27914000000004,4495.0
140.58196900000002,4483.0
140.88479800000005,4492.0
141.18762700000002,4513.0
141.49045600000005,4556.0
141.79328500000003,4558.0
142.096114,4537.0
142.39894300000003,4580.0
142.701772,4524.0
143.00460100000004,4549.0
143.30743,4499.0
143.61025900000004,4501.0
143.91308800000002,4627.0
144.21591700000005,4597.0
144.51874600000002,4669.0
144.82157500000005,4647.0
145.12440400000003,4712.0
145.427233,4596.0
145.73006200000003,4590.0
146.032891,4628.0
146.33572000000004,4692.0
146.638549,4634.0
146.94137800000004,4614.0
147.24420700000002,4637.0
147.54703600000005,4669.0
147.84986500000002,4700.0
148.15269400000005,4697.0
148.45552300000003,4726.0
148.758352,4755.0
149.06118100000003,4781.0
149.36401,4804.0
149.66683900000004,4796.0
149.969668,4768.0
150.27249700000004,4759.0
150.57532600000002,4786.0
150.87815500000005,4821.0
151.18098400000002,4843.0
151.48381300000005,4831.0
151.78664200000003,4842.0
152.089471,4822.0
152.39230000000003,4803.0
152.695129,4885.0
152.99795800000004,4776.0
153.300787,4887.0
153.60361600000005,4924.0
153.90644500000002,4859.0
154.20927400000005,4960.0
154.51210300000002,4887.0
154.81493200000006,4861.0
155.11776100000003,4847.0
155.42059,4876.0
155.72341900000004,4942.0
156.026248,4878.0
156.32907700000004,4938.0
156.63190600000001,4926.0
156.93473500000005,4990.0
157.23756400000002,5030.0
157.54039300000005,4958.0
157.84322200000003,4990.0
158.146051,4962.0
158.44888000000003,5013.0
158.751709,4980.0
159.05453800000004,5029.0
159.357367,5065.0
159.66019600000004,5107.0
159.96302500000002,5040.0
160.26585400000005,5048.0
160.56868300000002,5063.0
160.87151200000005,5129.0
161.17434100000003,5127.0
161.47717,5075.0
161.77999900000003,5109.0
162.082828,5147.0
162.38565700000004,5099.0
162.688486,5110.0
162.99131500000004,5221.0
163.29414400000002,5177.0
163.59697300000005,5215.0
163.89980200000002,5223.0
164.20263100000005,5206.0
164.50546000000003,5120.0
164.808289,5185.0
165.11111800000003,5156.0
165.413947,5171.0
165.71677600000004,5182.0
166.019605,5216.0
166.32243400000004,5181.0
166.62526300000002,5293.0
166.92809200000005,5298.0
167.23092100000002,5284.0
167.53375000000005,5369.0
167.83657900000003,5388.0
168.139408,5324.0
168.44223700000003,5259.0
168.745066,5261.0
169.04789500000004,5234.0
169.350724,5193.0
169.65355300000004,5268.0
169.95638200000002,5294.0
170.25921100000005,5346.0
170.56204000000002,5365.0
170.86486900000006,5286.0
171.16769800000003,5412.0
171.470527,5433.0
171.77335600000004,5415.0
172.076185,5410.0
172.37901400000004,5362.0
172.68184300000001,5491.0
172.98467200000005,5500.0
173.28750100000002,5386.0
173.59033000000005,5436.0
173.89315900000003,5475.0
174.19598800000006,5525.0
174.49881700000003,5436.0
174.801646,5494.0
175.10447500000004,5452.0
175.407304,5481.0
175.71013300000004,5496.0
176.01296200000002,5512.0
176.31579100000005,5472.0
176.61862000000002,5543.0
176.92144900000005,5510.0
177.22427800000003,5505.0
177.52710700000006,5555.0
177.82993600000003,5581.0
178.132765,5546.0
178.43559400000004,5520.0
178.738423,5579.0
179.04125200000004,5594.0
179.34408100000002,5572.0
179.64691000000005,5511.0
179.94973900000002,5659.0
180.25256800000005,5633.0
180.55539700000003,5715.0
180.858226,5677.0
181.16105500000003,5653.0
181.463884,5721.0
181.76671300000004,5687.0
182.069542,5635.0
182.37237100000004,5682.0
182.67520000000002,5757.0
182.97802900000005,5718.0
183.28085800000002,5718.0
183.58368700000005,5742.0
183.88651600000003,5760.0
184.189345,5713.0
184.49217400000003,5761.0
184.795003,5675.0
185.09783200000004,5751.0
185.400661,5682.0
185.70349000000004,5749.0
186.00631900000002,5781.0
186.30914800000005,5759.0
186.61197700000002,5802.0
186.91480600000006,5799.0
187.21763500000003,5796.0
187.520464,5848.0
187.82329300000004,5935.0
188.126122,5881.0
188.42895100000004,5909.0
188.73178000000001,5889.0
189.03460900000005,5830.0
189.33743800000002,5938.0
189.64026700000005,5992.0
189.94309600000003,5980.0
190.24592500000006,5948.0
190.54875400000003,5952.0
190.851583,5885.0
191.15441200000004,5905.0
191.457241,5942.0
191.76007000000004,6086.0
192.06289900000002,5997.0
192.36572800000005,6006.0
192.66855700000002,6000.0
192.97138600000005,6059.0
193.27421500000003,6047.0
193.57704400000006,6116.0
193.87987300000003,6127.0
194.182702,6116.0
194.48553100000004,6074.0
194.78836,6075.0
195.09118900000004,6086.0
195.39401800000002,6066.0
195.69684700000005,6085.0
195.99967600000002,6158.0
196.30250500000005,6146.0
196.60533400000003,6087.0
196.908163,6120.0
197.21099200000003,6040.0
197.513821,6174.0
197.81665000000004,6250.0
198.119479,6229.0
198.42230800000004,6207.0
198.72513700000002,6168.0
199.02796600000005,6232.0
199.33079500000002,6205.0
199.63362400000005,6256.0
199.93645300000003,6224.0
200.239282,6264.0
200.54211100000003,6315.0
200.84494,6224.0
201.14776900000004,6357.0
201.450598,6297.0
201.75342700000004,6344.0
202.05625600000002,6326.0
202.35908500000005,6382.0
202.66191400000002,6425.0
202.96474300000006,6369.0
203.26757200000003,6378.0
203.570401,6384.0
203.87323000000004,6352.0
204.176059,6459.0
204.47888800000004,6417.0
204.78171700000001,6418.0
205.08454600000005,6453.0
205.38737500000002,6408.0
205.69020400000005,6459.0
205.99303300000003,6429.0
206.29586200000006,6379.0
206.59869100000003,6395.0
206.90152,6414.0
207.20434900000004,6477.0
207.507178,6445.0
207.81000700000004,6478.0
208.11283600000002,6475.0
208.41566500000005,6566.0
208.71849400000002,6527.0
209.02132300000005,6581.0
209.32415200000003,6583.0
209.62698100000006,6573.0
209.92981000000003,6671.0
210.232639,6625.0
210.53546800000004,6607.0
210.838297,6610.0
211.14112600000004,6579.0
211.44395500000002,6525.0
211.74678400000005,6535.0
212.04961300000002,6585.0
212.35244200000005,6631.0
212.65527100000003,6699.0
212.95810000000006,6692.0
213.26092900000003,6695.0
213.563758,6798.0
213.86658700000004,6776.0
214.169416,6768.0
214.47224500000004,6729.0
214.77507400000002,6767.0
215.07790300000005,6749.0
215.38073200000002,6811.0
215.68356100000005,6854.0
215.98639000000003,6889.0
216.28921900000006,6783.0
216.59204800000003,6828.0
216.894877,6773.0
217.19770600000004,6835.0
217.500535,6863.0
217.80336400000004,6796.0
218.10619300000002,6917.0
218.40902200000005,6904.0
218.71185100000002,6961.0
219.01468000000006,6901.0
219.31750900000003,6935.0
219.620338,6978.0
219.92316700000003,6934.0
220.225996,6930.0
220.52882500000004,6975.0
220.83165400000001,6915.0
221.13448300000005,6991.0
221.43731200000002,6945.0
221.74014100000005,6927.0
222.04297000000003,6965.0
222.34579900000006,6894.0
222.64862800000003,6978.0
222.951457,7022.0
223.25428600000004,7083.0
223.557115,6974.0
223.85994400000004,7046.0
224.16277300000002,7111.0
224.46560200000005,7161.0
224.76843100000002,7068.0
225.07126000000005,7122.0
225.37408900000003,7098.0
225.67691800000006,7197.0
225.97974700000003,7169.0
226.282576,7126.0
226.58540500000004,7189.0
226.888234,7170.0
227.19106300000004,7171.0
227.49389200000002,7203.0
227.79672100000005,7250.0
228.09955000000002,7277.0
228.40237900000005,7365.0
228.70520800000003,7286.0
229.00803700000006,7220.0
229.31086600000003,7269.0
229.613695,7364.0
229.91652400000004,7338.0
230.219353,7279.0
230.52218200000004,7339.0
230.82501100000002,7426.0
231.12784000000005,7367.0
231.43066900000002,7409.0
231.73349800000005,7533.0
232.03632700000003,7500.0
232.33915600000006,7412.0
232.64198500000003,7465.0
232.944814,7412.0
233.24764300000004,7363.0
233.550472,7442.0
233.85330100000004,7459.0
234.15613000000002,7452.0
234.45895900000005,7488.0
234.76178800000002,7507.0
235.06461700000006,7502.0
235.36744600000003,7512.0
235.670275,7542.0
235.97310400000003,7557.0
236.275933,7596.0
236.57876200000004,7552.0
236.88159100000001,7582.0
237.18442000000005,7600.0
237.48724900000002,7616.0
237.79007800000005,7597.0
238.09290700000003,7632.0
238.39573600000006,7623.0
238.69856500000003,7592.0
239.001394,7588.0
239.30422300000004,7649.0
239.607052,7694.0
239.90988100000004,7709.0
240.21271000000002,7776.0
240.51553900000005,7816.0
240.81836800000002,7831.0
241.12119700000005,7871.0
241.42402600000003,7857.0
241.72685500000006,7876.0
242.02968400000003,7918.0
242.332513,7883.0
242.63534200000004,7886.0
242.938171,7911.0
243.24100000000004,7835.0
243.54382900000002,7879.0
243.84665800000005,7911.0
244.14948700000002,7938.0
244.45231600000005,7923.0
244.75514500000003,7955.0
245.05797400000006,7946.0
245.36080300000003,8011.0
245.663632,7977.0
245.96646100000004,8016.0
246.26929,8040.0
246.57211900000004,8039.0
246.87494800000002,8035.0
247.17777700000005,8148.0
247.48060600000002,8216.0
247.78343500000005,8150.0
248.08626400000003,8114.0
248.38909300000006,8280.0
248.69192200000003,8228.0
248.994751,8219.0
249.29758000000004,8204.0
249.600409,8229.0
249.90323800000004,8293.0
250.20606700000002,8329.0
250.50889600000005,8351.0
250.81172500000002,8338.0
251.11455400000006,8383.0
251.41738300000003,8325.0
251.72021200000006,8348.0
252.02304100000003,8345.0
252.32587,8390.0
252.62869900000004,8399.0
252.93152800000001,8363.0
253.23435700000005,8448.0
253.53718600000002,8530.0
253.84001500000005,8524.0
254.14284400000003,8482.0
254.44567300000006,8484.0
254.74850200000003,8570.0
255.05133100000006,8577.0
255.35416000000004,8542.0
255.656989,8684.0
255.95981800000004,8608.0
256.262647,8660.0
256.56547600000005,8660.0
256.868305,8763.0
257.17113400000005,8785.0
257.473963,8770.0
257.77679200000006,8826.0
258.07962100000003,8845.0
258.38245,8851.0
258.68527900000004,8942.0
258.988108,8926.0
259.29093700000004,8872.0
259.593766,8885.0
259.89659500000005,8845.0
260.199424,8875.0
260.50225300000005,8871.0
260.805082,8954.0
261.10791100000006,9015.0
261.41074000000003,8959.0
261.713569,9022.0
262.01639800000004,9006.0
262.319227,9051.0
262.62205600000004,9151.0
262.924885,9196.0
263.22771400000005,9238.0
263.530543,9217.0
263.83337200000005,9239.0
264.136201,9309.0
264.43903000000006,9343.0
264.74185900000003,9298.0
265.044688,9288.0
265.34751700000004,9284.0
265.650346,9336.0
265.95317500000004,9346.0
266.256004,9329.0
266.55883300000005,9309.0
266.861662,9406.0
267.16449100000006,9430.0
267.46732000000003,9574.0
267.77014900000006,9495.0
268.07297800000003,9535.0
268.375807,9601.0
268.67863600000004,9710.0
268.981465,9710.0
269.28429400000005,9716.0
269.587123,9748.0
269.88995200000005,9791.0
270.192781,9874.0
270.49561000000006,9796.0
270.79843900000003,9786.0
271.10126800000006,9795.0
271.40409700000004,9859.0
271.706926,9844.0
272.00975500000004,9812.0
272.312584,9853.0
272.61541300000005,9783.0
272.918242,9795.0
273.221071,9959.0
273.5239000000001,10009.0
273.82672900000006,10047.0
274.12955800000003,10052.0
274.432387,10004.0
274.735216,10068.0
275.03804500000007,10015.0
275.34087400000004,10144.0
275.643703,10186.0
275.946532,10234.0
276.2493610000001,10236.0
276.55219000000005,10219.0
276.855019,10325.0
277.157848,10267.0
277.4606770000001,10319.0
277.76350600000006,10440.0
278.06633500000004,10477.0
278.369164,10427.0
278.671993,10416.0
278.9748220000001,10481.0
279.27765100000005,10492.0
279.58048,10558.0
279.883309,10593.0
280.1861380000001,10635.0
280.48896700000006,10626.0
280.79179600000003,10669.0
281.094625,10755.0
281.397454,10767.0
281.70028300000007,10756.0
282.00311200000004,10848.0
282.305941,10891.0
282.60877,11020.0
282.9115990000001,11049.0
283.21442800000005,11002.0
283.51725700000003,11023.0
283.820086,10907.0
284.1229150000001,11001.0
284.42574400000007,10963.0
284.72857300000004,11070.0
285.031402,11142.0
285.334231,11288.0
285.6370600000001,11259.0
285.93988900000005,11268.0
286.242718,11276.0
286.545547,11306.0
286.8483760000001,11297.0
287.15120500000006,11378.0
287.45403400000004,11406.0
287.756863,11434.0
288.059692,11511.0
288.3625210000001,11531.0
288.66535000000005,11606.0
288.968179,11740.0
289.271008,11847.0
289.5738370000001,11855.0
289.87666600000006,11820.0
290.17949500000003,11832.0
290.482324,11800.0
290.785153,11809.0
291.08798200000007,11910.0
291.39081100000004,11994.0
291.69364,12057.0
291.996469,12083.0
292.2992980000001,12232.0
292.60212700000005,12289.0
292.904956,12420.0
293.207785,12362.0
293.5106140000001,12321.0
293.81344300000006,12360.0
294.11627200000004,12462.0
294.419101,12545.0
294.72193,12593.0
295.0247590000001,12629.0
295.32758800000005,12721.0
295.630417,12748.0
295.933246,12850.0
296.2360750000001,12892.0
296.53890400000006,12850.0
296.84173300000003,12823.0
297.144562,12921.0
297.447391,12939.0
297.75022000000007,13069.0
298.05304900000004,13111.0
298.355878,13138.0
298.658707,13319.0
298.9615360000001,13315.0
299.26436500000005,13312.0
299.56719400000003,13323.0
299.870023,13424.0
300.1728520000001,13448.0
300.47568100000007,13511.0
300.77851000000004,13630.0
301.081339,13670.0
301.384168,13712.0
301.6869970000001,13787.0
301.98982600000005,13811.0
302.292655,14060.0
302.595484,14163.0
302.8983130000001,14175.0
303.20114200000006,14139.0
303.50397100000004,14275.0
303.8068,14242.0
304.109629,14400.0
304.4124580000001,14347.0
304.71528700000005,14474.0
305.018116,14522.0
305.320945,14742.0
305.6237740000001,14892.0
305.92660300000006,14955.0
306.22943200000003,15039.0
306.532261,15084.0
306.83509,15171.0
307.13791900000007,15282.0
307.44074800000004,15290.0
307.743577,15407.0
308.046406,15528.0
308.3492350000001,15477.0
308.65206400000005,15769.0
308.954893,15876.0
309.257722,15905.0
309.5605510000001,16136.0
309.86338000000006,16191.0
310.16620900000004,16266.0
310.469038,16341.0
310.771867,16391.0
311.0746960000001,16469.0
311.37752500000005,16634.0
311.680354,16752.0
311.983183,16871.0
312.2860120000001,16995.0
312.58884100000006,17013.0
312.89167000000003,17161.0
313.194499,17326.0
313.497328,17500.0
313.80015700000007,17648.0
314.10298600000004,17572.0
314.405815,17904.0
314.708644,17833.0
315.0114730000001,18081.0
315.31430200000005,18140.0
315.61713100000003,18305.0
315.91996,18414.0
316.2227890000001,18621.0
316.52561800000007,18693.0
316.82844700000004,18870.0
317.131276,18862.0
317.434105,19146.0
317.7369340000001,19360.0
318.03976300000005,19611.0
318.342592,19551.0
318.645421,19716.0
318.9482500000001,19885.0
319.25107900000006,20167.0
319.55390800000004,20253.0
319.856737,20358.0
320.159566,20650.0
320.4623950000001,20872.0
320.76522400000005,21097.0
321.068053,21219.0
321.370882,21340.0
321.6737110000001,21592.0
321.97654000000006,21695.0
322.27936900000003,21678.0
322.582198,21778.0
322.885027,21970.0
323.18785600000007,22182.0
323.49068500000004,22266.0
323.793514,22243.0
324.096343,22254.0
324.3991720000001,22336.0
324.70200100000005,22517.0
325.00483,22668.0
325.307659,22611.0
325.6104880000001,22922.0
325.91331700000006,23120.0
326.21614600000004,23106.0
326.518975,23090.0
326.821804,23236.0
327.1246330000001,23424.0
327.42746200000005,23481.0
327.730291,23644.0
328.03312,23814.0
328.3359490000001,23965.0
328.63877800000006,24011.0
328.94160700000003,24201.0
329.244436,24223.0
329.547265,24372.0
329.85009400000007,24493.0
330.15292300000004,24671.0
330.455752,24810.0
330.758581,24886.0
331.0614100000001,24984.0
331.36423900000005,25034.0
331.66706800000003,25100.0
331.969897,25129.0
332.2727260000001,25327.0
332.57555500000007,25452.0
332.87838400000004,25522.0
333.181213,25792.0
333.484042,25803.0
333.7868710000001,25942.0
334.08970000000005,26062.0
334.392529,26219.0
334.695358,26244.0
334.9981870000001,26310.0
335.30101600000006,26526.0
335.60384500000004,26532.0
335.906674,26569.0
336.209503,26812.0
336.5123320000001,26826.0
336.81516100000005,26869.0
337.11799,26964.0
337.420819,27129.0
337.7236480000001,27264.0
338.02647700000006,27281.0
338.32930600000003,27332.0
338.632135,27287.0
338.9349640000001,27500.0
339.23779300000007,27773.0
339.54062200000004,27794.0
339.843451,27808.0
340.14628,27893.0
340.4491090000001,28020.0
340.75193800000005,28127.0
341.054767,28344.0
341.357596,28215.0
341.6604250000001,28414.0
341.96325400000006,28503.0
342.26608300000004,28507.0
342.568912,28687.0
342.871741,28740.0
343.1745700000001,28824.0
343.47739900000005,28968.0
343.780228,29107.0
344.083057,29138.0
344.3858860000001,29203.0
344.68871500000006,29226.0
344.99154400000003,29306.0
345.294373,29402.0
345.597202,29467.0
345.90003100000007,29729.0
346.20286000000004,29732.0
346.505689,29794.0
346.808518,29936.0
347.1113470000001,30011.0
347.41417600000005,30159.0
347.71700500000003,30324.0
348.019834,30336.0
348.3226630000001,30444.0
348.62549200000007,30441.0
348.92832100000004,30510.0
349.23115,30670.0
349.533979,30732.0
349.8368080000001,30740.0
350.13963700000005,31023.0
350.442466,30982.0
350.745295,31028.0
351.0481240000001,31131.0
351.35095300000006,31274.0
351.65378200000004,31411.0
351.956611,31569.0
352.25944,31639.0
352.5622690000001,31831.0
352.86509800000005,31833.0
353.167927,31935.0
353.470756,32021.0
353.7735850000001,32080.0
354.07641400000006,32216.0
354.37924300000003,32368.0
354.682072,32468.0
354.9849010000001,32560.0
355.28773000000007,32630.0
355.59055900000004,32805.0
355.893388,32914.0
356.196217,33026.0
356.4990460000001,33147.0
356.80187500000005,33180.0
357.104704,33338.0
357.407533,33389.0
357.7103620000001,33600.0
358.01319100000006,33575.0
358.31602000000004,33725.0
358.618849,33936.0
358.921678,34080.0
359.2245070000001,34200.0
359.52733600000005,34213.0
359.830165,34350.0
360.132994,34378.0
360.4358230000001,34476.0
360.73865200000006,34612.0
361.04148100000003,34790.0
361.34431,34822.0
361.6471390000001,34938.0
361.94996800000007,35030.0
362.25279700000004,35206.0
362.555626,35294.0
362.858455,35393.0
363.1612840000001,35460.0
363.46411300000005,35650.0
363.76694200000003,35739.0
364.069771,35752.0
364.3726000000001,35929.0
364.67542900000007,35993.0
364.97825800000004,36129.0
365.281087,36210.0
365.583916,36219.0
365.8867450000001,36324.0
366.18957400000005,36454.0
366.492403,36511.0
366.795232,36594.0
367.0980610000001,36688.0
367.40089000000006,36760.0
367.70371900000004,36846.0
368.006548,36898.0
368.309377,36935.0
368.61220600000007,37000.0
368.91503500000005,37057.0
369.217864,37165.0
369.520693,37211.0
369.8235220000001,37219.0
370.12635100000006,37307.0
370.42918000000003,37273.0
370.732009,37359.0
371.0348380000001,37431.0
371.33766700000007,37467.0
371.64049600000004,37537.0
371.943325,37581.0
372.246154,37565.0
372.5489830000001,37636.0
372.85181200000005,37677.0
373.154641,37634.0
373.45747,37667.0
373.7602990000001,37637.0
374.06312800000006,37648.0
374.36595700000004,37651.0
374.668786,37713.0
374.971615,37722.0
375.2744440000001,37694.0
375.57727300000005,37632.0
375.880102,37620.0
376.182931,37637.0
376.4857600000001,37668.0
376.78858900000006,37626.0
377.09141800000003,37611.0
377.394247,37568.0
377.6970760000001,37499.0
377.99990500000007,37491.0
378.30273400000004,37540.0
378.605563,37489.0
378.908392,37417.0
379.2112210000001,37408.0
379.51405000000005,37372.0
379.81687900000003,37361.0
380.119708,37234.0
380.4225370000001,37117.0
380.72536600000007,36996.0
381.02819500000004,37070.0
381.331024,37049.0
381.633853,36978.0
381.9366820000001,36838.0
382.23951100000005,36860.0
382.54234,36802.0
382.845169,36736.0
383.1479980000001,36601.0
383.45082700000006,36646.0
383.75365600000003,36615.0
384.056485,36456.0
384.359314,36346.0
384.66214300000007,36287.0
384.96497200000005,36229.0
385.267801,36257.0
385.57063,36125.0
385.8734590000001,36195.0
386.17628800000006,36095.0
386.47911700000003,36059.0
386.781946,35835.0
387.0847750000001,35810.0
387.38760400000007,35816.0
387.69043300000004,35693.0
387.993262,35554.0
388.296091,35534.0
388.5989200000001,35411.0
388.90174900000005,35321.0
389.204578,35181.0
389.507407,35110.0
389.8102360000001,35136.0
390.11306500000006,34984.0
390.41589400000004,34972.0
390.718723,34857.0
391.021552,34853.0
391.3243810000001,34678.0
391.62721000000005,34682.0
391.930039,34595.0
392.232868,34501.0
392.5356970000001,34423.0
392.83852600000006,34354.0
393.14135500000003,34192.0
393.444184,34086.0
393.7470130000001,34075.0
394.04984200000007,33970.0
394.35267100000004,34027.0
394.6555,34052.0
394.958329,33835.0
395.2611580000001,33823.0
395.56398700000005,33691.0
395.86681600000003,33604.0
396.169645,33568.0
396.4724740000001,33390.0
396.77530300000006,33338.0
397.07813200000004,33189.0
397.380961,33185.0
397.68379,33066.0
397.9866190000001,33035.0
398.28944800000005,32981.0
398.592277,32931.0
398.895106,33041.0
399.1979350000001,32944.0
399.50076400000006,32737.0
399.80359300000003,32535.0
400.106422,32597.0
400.409251,32474.0
400.71208000000007,32414.0
401.01490900000005,32448.0
401.317738,32454.0
401.620567,32356.0
401.9233960000001,32273.0
402.22622500000006,32169.0
402.52905400000003,32056.0
402.831883,31911.0
403.1347120000001,31941.0
403.43754100000007,31943.0
403.74037000000004,31870.0
404.043199,31841.0
404.346028,31808.0
404.6488570000001,31569.0
404.95168600000005,31537.0
405.254515,31457.0
405.557344,31519.0
405.8601730000001,31453.0
406.16300200000006,31466.0
406.46583100000004,31326.0
406.76866,31347.0
407.071489,31298.0
407.3743180000001,31313.0
407.67714700000005,31203.0
407.979976,31221.0
408.282805,31106.0
408.5856340000001,31016.0
408.88846300000006,31019.0
409.19129200000003,31005.0
409.494121,30942.0
409.7969500000001,30997.0
410.09977900000007,30871.0
410.40260800000004,30864.0
410.705437,30782.0
411.008266,30753.0
411.3110950000001,30839.0
411.61392400000005,30933.0
411.916753,30771.0
412.219582,30722.0
412.5224110000001,30520.0
412.82524000000006,30577.0
413.12806900000004,30598.0
413.430898,30669.0
413.733727,30495.0
414.0365560000001,30555.0
414.33938500000005,30542.0
414.642214,30465.0
414.945043,30513.0
415.2478720000001,30514.0
415.55070100000006,30313.0
415.85353000000003,30402.0
416.156359,30468.0
416.4591880000001,30470.0
416.76201700000007,30495.0
417.06484600000005,30428.0
417.367675,30479.0
417.670504,30399.0
417.9733330000001,30513.0
418.27616200000006,30465.0
418.57899100000003,30638.0
418.88182,30522.0
419.1846490000001,30627.0
419.48747800000007,30683.0
419.79030700000004,30672.0
420.093136,30764.0
420.395965,30707.0
420.6987940000001,30825.0
421.00162300000005,30785.0
421.304452,30876.0
421.607281,30871.0
421.9101100000001,30922.0
422.21293900000006,30782.0
422.51576800000004,30744.0
422.818597,30866.0
423.121426,30978.0
423.4242550000001,31018.0
423.72708400000005,31046.0
424.029913,31063.0
424.332742,31046.0
424.6355710000001,31254.0
424.93840000000006,31108.0
425.24122900000003,31161.0
425.544058,31258.0
425.8468870000001,31305.0
426.14971600000007,31292.0
426.45254500000004,31297.0
426.755374,31412.0
427.058203,31517.0
427.3610320000001,31529.0
427.66386100000005,31464.0
427.96669,31486.0
428.269519,31503.0
428.5723480000001,31613.0
428.87517700000006,31670.0
429.17800600000004,31728.0
429.480835,31693.0
429.783664,31831.0
430.0864930000001,31883.0
430.38932200000005,31866.0
430.692151,31949.0
430.99498,31878.0
431.2978090000001,31996.0
431.60063800000006,31992.0
431.90346700000003,31987.0
432.206296,32040.0
432.5091250000001,32154.0
432.81195400000007,32219.0
433.11478300000005,32214.0
433.417612,32287.0
433.720441,32221.0
434.0232700000001,32256.0
434.32609900000006,32425.0
434.62892800000003,32520.0
434.931757,32519.0
435.2345860000001,32741.0
435.53741500000007,32742.0
435.84024400000004,32641.0
436.143073,32722.0
436.445902,32843.0
436.7487310000001,32871.0
437.05156000000005,32896.0
437.354389,32966.0
437.657218,33016.0
437.9600470000001,32968.0
438.26287600000006,33145.0
438.56570500000004,33123.0
438.868534,33133.0
439.1713630000001,33146.0
439.4741920000001,33175.0
439.77702100000005,33287.0
440.07985,33316.0
440.382679,33353.0
440.6855080000001,33401.0
440.98833700000006,33436.0
441.29116600000003,33439.0
441.593995,33505.0
441.8968240000001,33604.0
442.19965300000007,33626.0
442.50248200000004,33515.0
442.805311,33635.0
443.10814,33732.0
443.4109690000001,33756.0
443.71379800000005,33824.0
444.016627,33789.0
444.319456,33806.0
444.6222850000001,33892.0
444.92511400000006,33960.0
445.22794300000004,33897.0
445.530772,33860.0
445.833601,33825.0
446.1364300000001,33802.0
446.43925900000005,33826.0
446.742088,33858.0
447.044917,34019.0
447.3477460000001,34048.0
447.65057500000006,34118.0
447.95340400000003,34014.0
448.256233,34026.0
448.5590620000001,34131.0
448.86189100000007,34137.0
449.16472000000005,34205.0
449.467549,34320.0
449.770378,34401.0
450.0732070000001,34454.0
450.37603600000006,34341.0
450.67886500000003,34258.0
450.981694,34369.0
451.2845230000001,34266.0
451.58735200000007,34225.0
451.89018100000004,34263.0
452.19301,34328.0
452.495839,34282.0
452.7986680000001,34383.0
453.10149700000005,34337.0
453.404326,34417.0
453.707155,34523.0
454.0099840000001,34552.0
454.31281300000006,34492.0
454.61564200000004,34488.0
454.918471,34510.0
455.2213000000001,34512.0
455.5241290000001,34668.0
455.82695800000005,34653.0
456.129787,34638.0
456.432616,34619.0
456.7354450000001,34648.0
457.03827400000006,34692.0
457.34110300000003,34846.0
457.643932,34725.0
457.9467610000001,34709.0
458.24959000000007,34723.0
458.55241900000004,34791.0
458.855248,34766.0
459.158077,34740.0
459.4609060000001,34644.0
459.76373500000005,34751.0
460.066564,34744.0
460.369393,34788.0
460.6722220000001,34731.0
460.97505100000006,34808.0
461.27788000000004,34722.0
461.580709,34600.0
461.883538,34660.0
462.1863670000001,34659.0
462.48919600000005,34813.0
462.792025,34849.0
463.094854,34911.0
463.3976830000001,34890.0
463.70051200000006,34848.0
464.00334100000003,34785.0
464.30617,34786.0
464.6089990000001,34803.0
464.91182800000007,34937.0
465.21465700000005,34995.0
465.517486,34845.0
465.820315,34914.0
466.1231440000001,34990.0
466.42597300000006,34996.0
466.72880200000003,35010.0
467.031631,35022.0
467.3344600000001,35122.0
467.63728900000007,35086.0
467.94011800000004,34940.0
468.242947,34875.0
468.545776,34869.0
468.8486050000001,34797.0
469.15143400000005,34601.0
469.454263,34600.0
469.757092,34467.0
470.0599210000001,34420.0
470.36275000000006,34466.0
470.66557900000004,34432.0
470.968408,34506.0
471.2712370000001,34613.0
471.5740660000001,34640.0
471.87689500000005,34644.0
472.179724,34620.0
472.482553,34758.0
472.7853820000001,34874.0
473.08821100000006,34800.0
473.39104000000003,34768.0
473.693869,34857.0
473.9966980000001,35078.0
474.29952700000007,35131.0
474.60235600000004,35125.0
474.905185,35150.0
475.208014,34982.0
475.5108430000001,34945.0
475.81367200000005,34971.0
476.116501,35051.0
476.41933,35026.0
476.7221590000001,34988.0
477.02498800000006,35212.0
477.32781700000004,35233.0
477.630646,35108.0
477.933475,34929.0
478.2363040000001,34969.0
478.53913300000005,34858.0
478.841962,34890.0
479.144791,34910.0
479.4476200000001,34865.0
479.75044900000006,34782.0
480.05327800000003,34742.0
480.356107,34714.0
480.6589360000001,34784.0
480.96176500000007,34903.0
481.26459400000005,34787.0
481.567423,34817.0
481.870252,35026.0
482.1730810000001,35013.0
482.47591000000006,34811.0
482.77873900000003,34781.0
483.081568,34658.0
483.3843970000001,34717.0
483.68722600000007,34716.0
483.99005500000004,34886.0
484.292884,35054.0
484.595713,35163.0
484.8985420000001,35017.0
485.20137100000005,35170.0
485.5042,35424.0
485.807029,35548.0
486.1098580000001,35608.0
486.41268700000006,35666.0
486.71551600000004,35754.0
487.018345,35797.0
487.3211740000001,35852.0
487.6240030000001,35939.0
487.92683200000005,35992.0
488.229661,36039.0
488.53249,36059.0
488.8353190000001,36126.0
489.13814800000006,36045.0
489.44097700000003,36092.0
489.743806,36012.0
490.0466350000001,36083.0
490.34946400000007,36171.0
490.65229300000004,36237.0
490.955122,36239.0
491.257951,36148.0
491.5607800000001,36213.0
491.86360900000005,36236.0
492.166438,36302.0
492.469267,36248.0
492.7720960000001,36298.0
493.07492500000006,36375.0
493.37775400000004,36464.0
493.680583,36481.0
493.9834120000001,36449.0
494.2862410000001,36356.0
494.58907000000005,36404.0
494.891899,36452.0
495.194728,36494.0
495.4975570000001,36361.0
495.80038600000006,36451.0
496.10321500000003,36407.0
496.406044,36561.0
496.7088730000001,36601.0
497.01170200000007,36624.0
497.31453100000004,36595.0
497.61736,36562.0
497.920189,36561.0
498.2230180000001,36618.0
498.52584700000006,36633.0
498.82867600000003,36658.0
499.131505,36730.0
499.4343340000001,36721.0
499.73716300000007,36684.0
500.03999200000004,36628.0
500.342821,36818.0
500.64565,36841.0
500.9484790000001,36823.0
501.25130800000005,36870.0
501.554137,36867.0
501.856966,36887.0
502.1597950000001,37013.0
502.46262400000006,37007.0
502.76545300000004,37091.0
503.068282,36959.0
503.3711110000001,37069.0
503.6739400000001,36974.0
503.97676900000005,37024.0
504.279598,37093.0
504.582427,37153.0
504.8852560000001,37141.0
505.18808500000006,37088.0
505.49091400000003,37195.0
505.793743,37242.0
506.0965720000001,37268.0
506.39940100000007,37300.0
506.70223000000004,37326.0
507.005059,37314.0
507.307888,37375.0
507.6107170000001,37368.0
507.91354600000005,37373.0
508.216375,37359.0
508.519204,37408.0
508.8220330000001,37394.0
509.12486200000006,37481.0
509.42769100000004,37508.0
509.73052,37542.0
510.0333490000001,37554.0
510.3361780000001,37583.0
510.63900700000005,37582.0
510.941836,37580.0
511.244665,37520.0
511.5474940000001,37512.0
511.85032300000006,37501.0
512.1531520000001,37508.0
512.4559810000001,37531.0
512.75881,37572.0
513.061639,37606.0
513.364468,37574.0
513.667297,37572.0
513.9701259999999,37617.0
514.2729550000001,37582.0
514.5757840000001,37614.0
514.8786130000001,37591.0
515.1814420000001,37615.0
515.484271,37678.0
515.7871,37651.0
516.089929,37674.0
516.392758,37724.0
516.6955870000002,37696.0
516.9984160000001,37714.0
517.3012450000001,37690.0
517.6040740000001,37608.0
517.906903,37645.0
518.209732,37689.0
518.512561,37654.0
518.81539,37692.0
519.118219,37662.0
519.4210480000002,37666.0
519.7238770000001,37636.0
520.0267060000001,37709.0
520.3295350000001,37755.0
520.632364,37768.0
520.935193,37740.0
521.238022,37737.0
521.540851,37763.0
521.84368,37743.0
522.1465090000002,37739.0
522.4493380000001,37693.0
522.7521670000001,37695.0
523.0549960000001,37663.0
523.357825,37643.0
523.660654,37656.0
523.963483,37701.0
524.266312,37720.0
524.569141,37668.0
524.8719700000001,37587.0
525.1747990000001,37624.0
525.4776280000001,37587.0
525.7804570000001,37594.0
526.083286,37568.0
526.386115,37605.0
526.688944,37674.0
526.991773,37680.0
527.2946019999999,37648.0
527.5974310000001,37636.0
527.9002600000001,37639.0
528.2030890000001,37553.0
528.5059180000001,37458.0
528.808747,37449.0
529.111576,37445.0
529.414405,37415.0
529.717234,37447.0
530.0200629999999,37505.0
530.3228920000001,37450.0
530.6257210000001,37389.0
530.9285500000001,37470.0
531.2313790000001,37514.0
531.534208,37516.0
531.837037,37484.0
532.139866,37506.0
532.442695,37483.0
532.7455240000002,37527.0
533.0483530000001,37529.0
533.3511820000001,37469.0
533.6540110000001,37515.0
533.95684,37371.0
534.259669,37201.0
534.562498,37102.0
534.865327,37255.0
535.168156,37205.0
535.4709850000002,37047.0
535.7738140000001,36588.0
536.0766430000001,36204.0
536.3794720000001,35814.0
536.682301,35127.0
536.98513,34490.0
537.287959,34113.0
537.590788,34116.0
537.893617,34076.0
538.1964460000002,34500.0
538.4992750000001,35015.0
538.8021040000001,35426.0
539.1049330000001,35685.0
539.407762,35965.0
539.710591,36141.0
540.01342,36306.0
540.316249,36436.0
540.619078,36572.0
540.9219070000001,36679.0
541.2247360000001,36874.0
541.5275650000001,37010.0
541.8303940000001,37103.0
542.133223,37100.0
542.436052,36979.0
542.738881,36902.0
543.04171,36896.0
543.3445389999999,36939.0
543.6473680000001,36877.0
543.9501970000001,36647.0
544.2530260000001,36540.0
544.5558550000001,36554.0
544.858684,36674.0
545.161513,36531.0
545.464342,36520.0
545.767171,36569.0
546.0699999999999,36668.0
546.3728290000001,36673.0
546.6756580000001,36419.0
546.9784870000001,36233.0
547.2813160000001,36239.0
547.584145,36510.0
547.886974,36682.0
548.189803,36519.0
548.492632,36160.0
548.7954610000002,35942.0
549.0982900000001,35560.0
549.4011190000001,35234.0
549.7039480000001,35055.0
550.006777,35138.0
550.309606,35481.0
550.612435,35777.0
550.915264,35821.0
551.218093,35711.0
551.5209220000002,35686.0
551.8237510000001,35781.0
552.1265800000001,35768.0
552.4294090000001,36099.0
552.732238,36288.0
553.035067,36199.0
553.337896,36173.0
553.640725,36140.0
553.943554,36141.0
554.2463830000002,36256.0
554.5492120000001,36542.0
554.8520410000001,36603.0
555.1548700000001,36531.0
555.457699,36495.0
555.760528,36514.0
556.063357,36536.0
556.366186,36515.0
556.669015,36497.0
556.9718440000001,36260.0
557.2746730000001,36016.0
557.5775020000001,35913.0
557.8803310000001,35860.0
558.18316,35813.0
558.485989,35627.0
558.788818,35668.0
559.091647,35799.0
559.3944759999999,36094.0
559.6973050000001,36129.0
560.0001340000001,36267.0
560.3029630000001,36416.0
560.6057920000001,36755.0
560.908621,36697.0
561.21145,36270.0
561.514279,35879.0
561.817108,35497.0
562.1199369999999,35308.0
562.4227660000001,35473.0
562.7255950000001,35850.0
563.0284240000001,36067.0
563.3312530000001,36112.0
563.634082,36085.0
563.936911,36177.0
564.23974,36240.0
564.542569,36194.0
564.8453980000002,36281.0
565.1482270000001,36283.0
565.4510560000001,36482.0
565.7538850000001,36470.0
566.056714,36482.0
566.359543,36374.0
566.662372,36300.0
566.965201,36416.0
567.26803,36286.0
567.5708590000002,36259.0
567.8736880000001,36292.0
568.1765170000001,36204.0
568.4793460000001,36277.0
568.782175,36256.0
569.085004,36302.0
569.387833,36297.0
569.690662,36395.0
569.993491,36410.0
570.2963200000002,36370.0
570.5991490000001,36384.0
570.9019780000001,36418.0
571.2048070000001,36401.0
571.507636,36495.0
571.810465,36380.0
572.113294,36358.0
572.416123,36361.0
572.718952,36299.0
573.0217810000001,36332.0
573.3246100000001,36487.0
573.6274390000001,36447.0
573.9302680000001,36472.0
574.233097,36408.0
574.535926,36529.0
574.838755,36503.0
575.141584,36556.0
575.4444129999999,36575.0
575.7472420000001,36495.0
576.0500710000001,36549.0
576.3529000000001,36503.0
576.6557290000001,36488.0
576.958558,36546.0
577.261387,36515.0
577.564216,36485.0
577.867045,36494.0
578.1698739999999,36498.0
578.4727030000001,36466.0
578.7755320000001,36504.0
579.0783610000001,36550.0
579.3811900000001,36520.0
579.684019,36578.0
579.986848,36555.0
580.289677,36566.0
580.592506,36471.0
580.8953350000002,36538.0
581.1981640000001,36461.0
581.5009930000001,36542.0
581.8038220000001,36598.0
582.106651,36662.0
582.40948,36558.0
582.712309,36656.0
583.015138,36591.0
583.317967,36608.0
583.6207960000002,36507.0
583.9236250000001,36583.0
584.2264540000001,36598.0
584.5292830000001,36626.0
584.832112,36613.0
585.134941,36750.0
585.43777,36815.0
585.740599,36685.0
586.043428,36416.0
586.3462570000002,36148.0
586.6490860000001,35917.0
586.9519150000001,35575.0
587.2547440000001,35555.0
587.557573,35695.0
587.860402,35949.0
588.163231,35974.0
588.46606,35831.0
588.768889,35562.0
589.0717180000001,35387.0
589.3745470000001,35099.0
589.6773760000001,35129.0
589.9802050000001,35438.0
590.283034,35770.0
590.585863,35947.0
590.888692,36029.0
591.191521,36120.0
591.4943499999999,36211.0
591.7971790000001,36214.0
592.1000080000001,36355.0
592.4028370000001,36363.0
592.7056660000001,36411.0
593.008495,36551.0
593.311324,36635.0
593.614153,36530.0
593.916982,36589.0
594.2198110000002,36580.0
594.5226400000001,36614.0
594.8254690000001,36636.0
595.1282980000001,36710.0
595.4311270000001,36582.0
595.733956,36513.0
596.036785,36404.0
596.339614,36366.0
596.642443,36431.0
596.9452720000002,36448.0
597.2481010000001,36532.0
597.5509300000001,36523.0
597.8537590000001,36442.0
598.156588,36505.0
598.459417,36495.0
598.762246,36424.0
599.065075,36431.0
599.367904,36416.0
599.6707330000002,36470.0
599.9735620000001,36525.0
600.2763910000001,36463.0
600.5792200000001,36490.0
600.882049,36541.0
601.184878,36472.0
601.487707,36354.0
601.790536,36451.0
602.093365,36433.0
602.3961940000002,36401.0
602.6990230000001,36406.0
603.0018520000001,36411.0
603.3046810000001,36329.0
603.60751,36279.0
603.910339,36308.0
604.213168,36316.0
604.515997,36283.0
604.818826,36307.0
605.1216550000001,36224.0
605.4244840000001,36150.0
605.7273130000001,36231.0
606.0301420000001,36205.0
606.332971,36090.0
606.6358,36089.0
606.938629,36048.0
607.241458,36047.0
607.5442869999999,36073.0
607.8471160000001,35963.0
608.1499450000001,35967.0
608.4527740000001,35995.0
608.7556030000001,35951.0
609.058432,35949.0
609.361261,35870.0
609.66409,35786.0
609.966919,35735.0
610.2697480000002,35624.0
610.5725770000001,35692.0
610.8754060000001,35662.0
611.1782350000001,35671.0
611.4810640000001,35630.0
611.783893,35575.0
612.086722,35561.0
612.389551,35526.0
612.69238,35452.0
612.9952090000002,35440.0
613.2980380000001,35415.0
613.6008670000001,35361.0
613.9036960000001,35348.0
614.206525,35256.0
614.509354,35318.0
614.812183,35168.0
615.115012,35107.0
615.417841,34944.0
615.7206700000002,34925.0
616.0234990000001,34928.0
616.3263280000001,34855.0
616.6291570000001,34810.0
616.931986,34802.0
617.234815,34725.0
617.537644,34812.0
617.840473,34789.0
618.143302,34608.0
618.4461310000002,34387.0
618.7489600000001,33984.0
619.0517890000001,33508.0
619.3546180000001,33066.0
619.657447,32786.0
619.960276,32729.0
620.263105,32783.0
620.565934,33075.0
620.868763,33265.0
621.1715920000001,33425.0
621.4744210000001,33384.0
621.7772500000001,33372.0
622.0800790000001,33375.0
622.382908,33411.0
622.685737,33413.0
622.988566,33231.0
623.291395,33460.0
623.5942239999999,33492.0
623.8970530000001,33340.0
624.1998820000001,33206.0
624.5027110000001,33132.0
624.8055400000001,32987.0
625.108369,32840.0
625.411198,32685.0
625.714027,32635.0
626.016856,32735.0
626.3196850000002,32606.0
626.6225140000001,32604.0
626.9253430000001,32564.0
627.2281720000001,32478.0
627.5310010000001,32478.0
627.83383,32409.0
628.136659,32484.0
628.439488,32365.0
628.742317,32197.0
629.0451460000002,32152.0
629.3479750000001,32037.0
629.6508040000001,32065.0
629.9536330000001,32005.0
630.256462,31975.0
630.559291,31847.0
630.86212,31759.0
631.164949,31757.0
631.467778,31702.0
631.7706070000002,31553.0
632.0734360000001,31552.0
632.3762650000001,31619.0
632.6790940000001,31454.0
632.981923,31416.0
633.284752,31385.0
633.587581,31268.0
633.89041,31326.0
634.193239,31288.0
634.4960680000002,31047.0
634.7988970000001,31061.0
635.1017260000001,30992.0
635.4045550000001,30951.0
635.707384,30855.0
636.010213,30823.0
636.313042,30795.0
636.615871,30682.0
636.9187,30700.0
637.2215290000001,30728.0
637.5243580000001,30636.0
637.8271870000001,30528.0
638.1300160000001,30516.0
638.432845,30414.0
638.735674,30287.0
639.038503,30271.0
639.341332,30082.0
639.6441609999999,30072.0
639.9469900000001,29865.0
640.2498190000001,29633.0
640.5526480000001,29319.0
640.8554770000001,29026.0
641.158306,28794.0
641.461135,28833.0
641.763964,29059.0
642.066793,29250.0
642.3696220000002,29159.0
642.6724510000001,29103.0
642.9752800000001,29174.0
643.2781090000001,29000.0
643.5809380000001,28841.0
643.883767,28817.0
644.186596,28836.0
644.489425,28554.0
644.792254,27936.0
645.0950830000002,27471.0
645.3979120000001,26890.0
645.7007410000001,26262.0
646.0035700000001,26077.0
646.306399,26318.0
646.609228,26877.0
646.912057,26904.0
647.214886,27126.0
647.517715,27282.0
647.8205440000002,27363.0
648.1233730000001,27475.0
648.4262020000001,27439.0
648.7290310000001,27462.0
649.03186,27440.0
649.334689,27485.0
649.637518,27568.0
649.940347,27702.0
650.243176,27530.0
650.5460050000002,27445.0
650.8488340000001,27413.0
651.1516630000001,27293.0
651.4544920000001,27178.0
651.757321,27086.0
652.06015,26925.0
652.362979,26955.0
652.665808,26949.0
652.968637,26845.0
653.2714660000001,26788.0
653.5742950000001,26633.0
653.8771240000001,26527.0
654.1799530000001,26500.0
654.482782,26497.0
654.785611,26349.0
655.08844,26267.0
655.391269,26205.0
655.6940979999999,26169.0
655.9969270000001,26033.0
656.2997560000001,25965.0
656.6025850000001,25746.0
656.9054140000001,25716.0
657.208243,25706.0
657.511072,25795.0
657.813901,25815.0
658.11673,25847.0
658.4195590000002,25729.0
658.7223880000001,25646.0
659.0252170000001,25615.0
659.3280460000001,25542.0
659.6308750000001,25540.0
659.933704,25530.0
660.236533,25349.0
660.539362,25318.0
660.842191,25160.0
661.1450200000002,25133.0
661.4478490000001,25100.0
661.7506780000001,25168.0
662.0535070000001,25084.0
662.356336,25092.0
662.659165,25123.0
662.961994,25064.0
663.264823,24872.0
663.567652,24707.0
663.8704810000002,24656.0
664.1733100000001,24549.0
664.4761390000001,24512.0
664.7789680000001,24624.0
665.081797,24568.0
665.384626,24408.0
665.687455,24446.0
665.990284,24273.0
666.293113,24142.0
666.5959420000002,24256.0
666.8987710000001,24271.0
667.2016000000001,24075.0
667.5044290000001,24101.0
667.807258,24009.0
668.110087,23876.0
668.412916,23670.0
668.715745,23647.0
669.018574,23751.0
669.3214030000001,23795.0
669.6242320000001,23575.0
669.9270610000001,23474.0
670.2298900000001,23490.0
670.532719,23332.0
670.835548,23150.0
671.138377,23229.0
671.441206,23281.0
671.7440350000002,23176.0
672.0468640000001,23173.0
672.3496930000001,23091.0
672.6525220000001,23170.0
672.9553510000001,23057.0
673.25818,22857.0
673.561009,22899.0
673.863838,22817.0
674.166667,22666.0
674.4694960000002,22595.0
674.7723250000001,22485.0
675.0751540000001,22465.0
675.3779830000001,22272.0
675.6808120000001,22285.0
675.983641,22099.0
676.28647,22056.0
676.589299,22143.0
676.892128,22024.0
677.1949570000002,22001.0
677.4977860000001,22012.0
677.8006150000001,21796.0
678.1034440000001,21693.0
678.406273,21735.0
678.709102,21652.0
679.011931,21735.0
679.31476,21740.0
679.617589,21604.0
679.9204180000002,21446.0
680.2232470000001,21345.0
680.5260760000001,21464.0
680.8289050000001,21381.0
681.131734,21264.0
681.434563,21287.0
681.737392,21090.0
682.040221,21081.0
682.34305,20720.0
682.6458790000001,20391.0
682.9487080000001,20194.0
683.2515370000001,19804.0
683.5543660000001,19666.0
683.857195,19717.0
684.160024,19687.0
684.462853,19762.0
684.765682,19822.0
685.068511,19881.0
685.3713400000001,20027.0
685.6741690000001,20024.0
685.9769980000001,19386.0
686.2798270000001,19026.0
686.582656,18671.0
686.885485,18402.0
687.188314,18411.0
687.491143,18996.0
687.7939720000002,18862.0
688.0968010000001,19060.0
688.3996300000001,19024.0
688.7024590000001,19026.0
689.0052880000001,19039.0
689.308117,18934.0
689.610946,18870.0
689.913775,18683.0
690.216604,18657.0
690.5194330000002,18724.0
690.8222620000001,18536.0
691.1250910000001,18650.0
691.4279200000001,18551.0
691.7307490000001,18521.0
692.033578,18340.0
692.336407,18299.0
692.639236,18250.0
692.942065,18312.0
693.2448940000002,18026.0
693.5477230000001,18089.0
693.8505520000001,18171.0
694.1533810000001,17934.0
694.45621,17889.0
694.759039,17772.0
695.061868,17695.0
695.364697,17590.0
695.667526,17479.0
695.9703550000002,17362.0
696.2731840000001,17309.0
696.5760130000001,17311.0
696.8788420000001,17448.0
697.181671,17137.0
697.4845,16979.0
697.787329,17086.0
698.090158,16717.0
698.392987,16666.0
698.6958160000001,16565.0
698.9986450000001,16540.0
699.3014740000001,16553.0
699.6043030000001,16372.0
699.907132,16366.0
700.209961,16327.0
700.51279,16346.0
700.815619,16103.0
701.118448,15939.0
701.4212770000001,15894.0
701.7241060000001,15896.0
702.0269350000001,15830.0
702.3297640000001,15582.0
702.632593,15580.0
702.935422,15608.0
703.238251,15566.0
703.54108,15392.0
703.8439090000002,15450.0
704.1467380000001,15290.0
704.4495670000001,15226.0
704.7523960000001,15105.0
705.0552250000001,15139.0
705.358054,14975.0
705.660883,14815.0
705.963712,14656.0
706.266541,14588.0
706.5693700000002,14583.0
706.8721990000001,14642.0
707.1750280000001,14555.0
707.4778570000001,14372.0
707.7806860000001,14356.0
708.083515,14254.0
708.386344,14223.0
708.689173,14177.0
708.992002,14057.0
709.2948310000002,14012.0
709.5976600000001,13961.0
709.9004890000001,13883.0
710.2033180000001,13827.0
710.506147,13876.0
710.808976,13756.0
711.111805,13737.0
711.414634,13705.0
711.717463,13585.0
712.0202920000002,13526.0
712.3231210000001,13587.0
712.6259500000001,13427.0
712.9287790000001,13374.0
713.231608,13264.0
713.534437,13247.0
713.837266,13227.0
714.140095,13173.0
714.442924,13021.0
714.7457530000001,12959.0
715.0485820000001,12914.0
715.3514110000001,12788.0
715.6542400000001,12766.0
715.957069,12725.0
716.259898,12662.0
716.562727,12687.0
716.865556,12559.0
717.168385,12506.0
717.4712140000001,12534.0
717.7740430000001,12424.0
718.0768720000001,12327.0
718.3797010000001,12259.0
718.68253,12205.0
718.985359,12209.0
719.288188,12143.0
719.591017,12062.0
719.8938460000002,12043.0
720.1966750000001,11999.0
720.4995040000001,11830.0
720.8023330000001,11768.0
721.1051620000001,11815.0
721.407991,11786.0
721.71082,11717.0
722.013649,11565.0
722.316478,11576.0
722.6193070000002,11415.0
722.9221360000001,11399.0
723.2249650000001,11358.0
723.5277940000001,11401.0
723.8306230000001,11249.0
724.133452,11124.0
724.436281,11123.0
724.73911,11162.0
725.041939,11040.0
725.3447680000002,10914.0
725.6475970000001,10837.0
725.9504260000001,10801.0
726.2532550000001,10685.0
726.556084,10754.0
726.858913,10649.0
727.161742,10540.0
727.464571,10516.0
727.7674,10387.0
728.0702290000002,10465.0
728.3730580000001,10444.0
728.6758870000001,10409.0
728.9787160000001,10281.0
729.281545,10226.0
729.584374,10185.0
729.887203,10151.0
730.190032,9994.0
730.492861,9926.0
730.7956900000001,9943.0
731.0985190000001,9943.0
731.4013480000001,9965.0
731.7041770000001,9828.0
732.007006,9716.0
732.309835,9590.0
732.612664,9559.0
732.915493,9562.0
733.218322,9543.0
733.5211510000001,9509.0
733.8239800000001,9427.0
734.1268090000001,9295.0
734.4296380000001,9161.0
734.732467,9198.0
735.035296,9112.0
735.338125,9101.0
735.640954,9067.0
735.9437830000002,9039.0
736.2466120000001,9024.0
736.5494410000001,8907.0
736.8522700000001,8830.0
737.1550990000001,8761.0
737.457928,8736.0
737.760757,8727.0
738.063586,8674.0
738.366415,8612.0
738.6692440000002,8479.0
738.9720730000001,8501.0
739.2749020000001,8487.0
739.5777310000001,8404.0
739.8805600000001,8401.0
740.183389,8339.0
740.486218,8247.0
740.789047,8102.0
741.091876,8107.0
741.3947050000002,8096.0
741.6975340000001,8056.0
742.0003630000001,7898.0
742.3031920000001,7836.0
742.606021,7789.0
742.90885,7740.0
743.211679,7722.0
743.514508,7684.0
743.817337,7671.0
744.1201660000002,7559.0
744.4229950000001,7597.0
744.7258240000001,7497.0
745.0286530000001,7439.0
745.331482,7360.0
745.634311,7324.0
745.93714,7231.0
746.239969,7232.0
746.542798,7185.0
746.8456270000001,7098.0
747.1484560000001,7086.0
747.4512850000001,7008.0
747.7541140000001,6943.0
748.056943,6880.0
748.359772,6810.0
748.662601,6876.0
748.96543,6683.0
749.2682590000002,6705.0
749.5710880000001,6635.0
749.8739170000001,6587.0
750.1767460000001,6606.0
750.4795750000001,6571.0
750.782404,6482.0
751.085233,6416.0
751.388062,6335.0
751.690891,6320.0
751.9937200000002,6275.0
752.2965490000001,6281.0
752.5993780000001,6167.0
752.9022070000001,6123.0
753.2050360000001,6185.0
753.507865,6154.0
753.810694,6076.0
754.113523,6017.0
754.416352,5933.0
754.7191810000002,5914.0
755.0220100000001,5875.0
755.3248390000001,5821.0
755.6276680000001,5769.0
755.9304970000001,5731.0
756.233326,5769.0
756.536155,5748.0
756.838984,5690.0
757.141813,5661.0
757.4446420000002,5595.0
757.7474710000001,5491.0
758.0503000000001,5468.0
758.3531290000001,5402.0
758.655958,5442.0
758.958787,5377.0
759.261616,5384.0
759.564445,5357.0
759.867274,5358.0
760.1701030000002,5237.0
760.4729320000001,5246.0
760.7757610000001,5147.0
761.0785900000001,5118.0
761.381419,5076.0
761.684248,5074.0
761.987077,5065.0
762.289906,5059.0
762.592735,5029.0
762.8955640000001,4954.0
763.1983930000001,4877.0
763.5012220000001,4780.0
763.8040510000001,4884.0
764.10688,4918.0
764.409709,4837.0
764.712538,4805.0
765.015367,4823.0
765.3181960000002,4829.0
765.6210250000001,4699.0
765.9238540000001,4663.0
766.2266830000001,4536.0
766.5295120000001,4518.0
766.832341,4605.0
767.13517,4479.0
767.437999,4454.0
767.740828,4479.0
768.0436570000002,4461.0
768.3464860000001,4397.0
768.6493150000001,4408.0
768.9521440000001,4419.0
769.2549730000001,4389.0
769.557802,4361.0
769.860631,4360.0
770.16346,4265.0
770.466289,4222.0
770.7691180000002,4196.0
771.0719470000001,4179.0
771.3747760000001,4204.0
771.6776050000001,4073.0
771.9804340000001,4033.0
772.283263,4052.0
772.586092,4031.0
772.888921,3992.0
773.19175,4050.0
773.4945790000002,4042.0
773.7974080000001,4028.0
774.1002370000001,4007.0
774.4030660000001,3932.0
774.705895,3887.0
775.008724,3911.0
775.311553,3875.0
775.614382,3782.0
775.917211,3856.0
776.2200400000002,3893.0
776.5228690000001,3807.0
776.8256980000001,3773.0
777.1285270000001,3833.0
777.431356,3780.0
777.734185,3661.0
778.037014,3737.0
778.339843,3722.0
778.642672,3691.0
778.9455010000001,3666.0
779.2483300000001,3638.0
779.5511590000001,3625.0
779.8539880000001,3533.0
780.156817,3502.0
780.459646,3508.0
780.762475,3556.0
781.065304,3463.0
781.3681330000002,3390.0
781.6709620000001,3373.0
781.9737910000001,3313.0
782.2766200000001,3332.0
782.5794490000001,3278.0
782.882278,3380.0
783.185107,3384.0
783.487936,3369.0
783.790765,3408.0
784.0935940000002,3329.0
784.3964230000001,3339.0
784.6992520000001,3243.0
785.0020810000001,3261.0
785.3049100000001,3241.0
785.607739,3154.0
785.910568,3192.0
786.2133970000002,3169.0
786.5162260000002,3220.0
786.8190550000002,3185.0
787.1218840000001,3115.0
787.4247130000001,3168.0
787.7275420000001,3109.0
788.0303710000001,3036.0
788.3332,3049.0
788.636029,3031.0
788.9388580000002,2970.0
789.2416870000002,2994.0
789.5445160000002,2986.0
789.8473450000001,2965.0
790.1501740000001,2916.0
790.4530030000001,2889.0
790.755832,2877.0
791.058661,2904.0
791.36149,2921.0
791.6643190000002,2895.0
791.9671480000002,2843.0
792.2699770000002,2819.0
792.5728060000001,2854.0
792.8756350000001,2869.0
793.1784640000001,2784.0
793.481293,2713.0
793.784122,2673.0
794.0869510000002,2727.0
794.3897800000002,2740.0
794.6926090000002,2770.0
794.9954380000001,2750.0
795.2982670000001,2718.0
795.6010960000001,2634.0
795.9039250000001,2602.0
796.206754,2630.0
796.509583,2617.0
796.8124120000002,2572.0
797.1152410000002,2647.0
797.4180700000002,2598.0
797.7208990000001,2583.0
798.0237280000001,2596.0
798.3265570000001,2541.0
798.6293860000001,2536.0
798.932215,2572.0
799.235044,2509.0
799.5378730000002,2473.0
799.8407020000002,2542.0
800.1435310000002,2475.0
800.4463600000001,2493.0
800.7491890000001,2471.0
801.0520180000001,2414.0
801.3548470000001,2396.0
801.657676,2447.0
801.960505,2409.0
802.2633340000002,2370.0
802.5661630000002,2462.0
802.8689920000002,2474.0
803.1718210000001,2395.0
803.4746500000001,2386.0
803.7774790000001,2346.0
804.0803080000001,2383.0
804.383137,2271.0
804.685966,2343.0
804.9887950000002,2296.0
805.2916240000002,2295.0
805.5944530000002,2308.0
805.8972820000001,2317.0
806.2001110000001,2339.0
806.5029400000001,2311.0
806.805769,2232.0
807.108598,2241.0
807.4114270000002,2219.0
807.7142560000002,2185.0
808.0170850000002,2182.0
808.3199140000002,2127.0
808.6227430000001,2144.0
808.9255720000001,2132.0
809.2284010000001,2211.0
809.53123,2143.0
809.834059,2149.0
810.1368880000002,2120.0
810.4397170000002,2085.0
810.7425460000002,2082.0
811.0453750000001,2035.0
811.3482040000001,2021.0
811.6510330000001,2011.0
811.9538620000001,2077.0
812.256691,2085.0
812.55952,2077.0
812.8623490000002,1985.0
813.1651780000002,2029.0
813.4680070000002,2093.0
813.7708360000001,2032.0
814.0736650000001,2093.0
814.3764940000001,2009.0
814.6793230000001,1977.0
814.982152,2039.0
815.284981,2010.0
815.5878100000002,2015.0
815.8906390000002,2031.0
816.1934680000002,1978.0
816.4962970000001,2017.0
816.7991260000001,2002.0
817.1019550000001,1916.0
817.4047840000001,1939.0
817.707613,1930.0
818.010442,1880.0
818.3132710000002,1950.0
818.6161000000002,1901.0
818.9189290000002,1911.0
819.2217580000001,1865.0
819.5245870000001,1807.0
819.8274160000001,1765.0
820.1302450000001,1780.0
820.433074,1737.0
820.735903,1744.0
821.0387320000002,1842.0
821.3415610000002,1867.0
821.6443900000002,1807.0
821.9472190000001,1815.0
822.2500480000001,1782.0
822.5528770000001,1757.0
822.855706,1764.0
823.158535,1801.0
823.4613640000002,1732.0
823.7641930000002,1689.0
824.0670220000002,1708.0
824.3698510000002,1760.0
824.6726800000001,1663.0
824.9755090000001,1614.0
825.2783380000001,1643.0
825.581167,1642.0
825.883996,1624.0
826.1868250000002,1617.0
826.4896540000002,1655.0
826.7924830000002,1711.0
827.0953120000001,1705.0
827.3981410000001,1654.0
827.7009700000001,1654.0
828.0037990000001,1627.0
828.306628,1661.0
828.609457,1664.0
828.9122860000002,1663.0
829.2151150000002,1714.0
829.5179440000002,1650.0
829.8207730000001,1615.0
830.1236020000001,1572.0
830.4264310000001,1530.0
830.7292600000001,1547.0
831.032089,1556.0
831.334918,1651.0
831.6377470000002,1594.0
831.9405760000002,1626.0
832.2434050000002,1643.0
832.5462340000001,1651.0
832.8490630000001,1623.0
833.1518920000001,1639.0
833.4547210000001,1576.0
833.75755,1572.0
834.060379,1522.0
834.3632080000002,1540.0
834.6660370000002,1529.0
834.9688660000002,1522.0
835.2716950000001,1532.0
835.5745240000001,1494.0
835.8773530000001,1537.0
836.1801820000001,1518.0
836.483011,1497.0
836.78584,1438.0
837.0886690000002,1487.0
837.3914980000002,1426.0
837.6943270000002,1460.0
837.9971560000001,1488.0
838.2999850000001,1526.0
838.6028140000001,1513.0
838.905643,1528.0
839.208472,1522.0
839.5113010000002,1561.0
839.8141300000002,1521.0
840.1169590000002,1479.0
840.4197880000002,1393.0
840.7226170000001,1333.0
841.0254460000001,1331.0
841.3282750000001,1319.0
841.631104,1358.0
841.933933,1340.0
842.2367620000002,1390.0
842.5395910000002,1392.0
842.8424200000002,1411.0
843.1452490000001,1334.0
843.4480780000001,1397.0
843.7509070000001,1403.0
844.0537360000001,1339.0
844.356565,1371.0
844.659394,1334.0
844.9622230000002,1327.0
845.2650520000002,1311.0
845.5678810000002,1247.0
845.8707100000001,1237.0
846.1735390000001,1237.0
846.4763680000001,1267.0
846.7791970000001,1245.0
847.082026,1273.0
847.384855,1298.0
847.6876840000002,1309.0
847.9905130000002,1314.0
848.2933420000002,1350.0
848.5961710000001,1318.0
848.8990000000001,1348.0
849.2018290000001,1305.0
849.5046580000001,1242.0
849.807487,1279.0
850.110316,1241.0
850.4131450000002,1333.0
850.7159740000002,1251.0
851.0188030000002,1276.0
851.3216320000001,1320.0
851.6244610000001,1327.0
851.9272900000001,1271.0
852.2301190000001,1306.0
852.532948,1297.0
852.835777,1235.0
853.1386060000002,1254.0
853.4414350000002,1242.0
853.7442640000002,1241.0
854.0470930000001,1257.0
854.3499220000001,1246.0
854.6527510000001,1282.0
854.95558,1282.0
855.258409,1229.0
855.5612380000002,1152.0
855.8640670000002,1173.0
856.1668960000002,1201.0
856.4697250000002,1161.0
856.7725540000001,1190.0
857.0753830000001,1209.0
857.3782120000001,1172.0
857.681041,1217.0
857.98387,1211.0
858.2866990000002,1234.0
858.5895280000002,1198.0
858.8923570000002,1201.0
859.1951860000001,1162.0
859.4980150000001,1186.0
859.8008440000001,1139.0
860.1036730000001,1155.0
860.406502,1124.0
860.709331,1167.0
861.0121600000002,1155.0
861.3149890000002,1204.0
861.6178180000002,1212.0
861.9206470000001,1167.0
862.2234760000001,1130.0
862.5263050000001,1170.0
862.8291340000001,1191.0
863.131963,1160.0
863.434792,1128.0
863.7376210000002,1148.0
864.0404500000002,1104.0
864.3432790000002,1082.0
864.6461080000001,1061.0
864.9489370000001,1057.0
865.2517660000001,1044.0
